CLASS;GENENAME;FAMILY;HG19CHROM;BP1;BP2;MAPTOTAL;HUGOPRODUCT
Class B;ADCYAP1R1;VIP and PACAP receptors;chr7;31092141;31146311;6;adenylate cyclase activating polypeptide 1 (pituitary) receptor type I
Class A;ADORA1;Adenosine receptors;chr1;203096835;203136533;4;adenosine A1 receptor
Class A;ADORA2A;Adenosine receptors;chr22;24813708;24838324;8;adenosine A2a receptor
Class A;ADORA2B;Adenosine receptors;chr17;15848230;15879210;1;adenosine A2b receptor
Class A;ADORA3;Adenosine receptors;chr1;112025970;112106597;3;adenosine A3 receptor
Class A;ADRA1A;Adrenoceptors;chr8;26605666;26722922;8;adrenergic, alpha-1A-, receptor
Class A;ADRA1B;Adrenoceptors;chr5;159343739;159400017;1;adrenergic, alpha-1B-, receptor
Class A;ADRA1D;Adrenoceptors;chr20;4201277;4229659;1;adrenergic, alpha-1D-, receptor
Class A;ADRA2A;Adrenoceptors;chr10;112836789;112840660;1;adrenergic, alpha-2A-, receptor
Class A;ADRA2B;Adrenoceptors;chr2;96778625;96781888;1;adrenergic, alpha-2B-, receptor
Class A;ADRA2C;Adrenoceptors;chr4;3768074;3770251;2;adrenergic, alpha-2C-, receptor
Class A;ADRB1;Adrenoceptors;chr10;115803805;115806665;1;adrenergic, beta-1-, receptor
Class A;ADRB2;Adrenoceptors;chr5;148206155;148208188;1;adrenergic, beta-2-, receptor, surface
Class A;ADRB3;Adrenoceptors;chr8;37820515;37824184;1;adrenergic, beta-3-, receptor
Class A;AGTR1;Angiotensin receptors;chr3;148415657;148460788;5;angiotensin II receptor, type 1
Class A;AGTR2;Angiotensin receptors;chrX;115301957;115306223;1;angiotensin II receptor, type 2
Class A;APLNR;Apelin receptor;chr11;57001053;57004927;2;apelin receptor
Class A;AVPR1A;Vasopressin and oxytocin receptors;chr12;63540215;63546590;1;arginine vasopressin receptor 1A
Class A;AVPR1B;Vasopressin and oxytocin receptors;chr1;206224282;206231482;1;arginine vasopressin receptor 1B
Class A;AVPR2;Vasopressin and oxytocin receptors;chrX;153167984;153172619;3;arginine vasopressin receptor 2
Class B;BAI1;Class B Orphans;chr8;143545376;143626367;1;brain-specific angiogenesis inhibitor 1
Class B;BAI2;Class B Orphans;chr1;32192718;32229648;7;brain-specific angiogenesis inhibitor 2
Class B;BAI3;Class B Orphans;chr6;69345631;70099402;3;brain-specific angiogenesis inhibitor 3
Class A;BDKRB1;Bradykinin receptors;chr14;96722558;96735303;2;bradykinin receptor B1
Class A;BDKRB2;Bradykinin receptors;chr14;96671134;96710666;3;bradykinin receptor B2
Class A;BRS3;Bombesin receptors;chrX;135570124;135574598;1;bombesin-like receptor 3
Class A;C3AR1;Anaphylatoxin receptors;chr12;8210918;8218955;1;complement component 3a receptor 1
Class A;C5AR1;Anaphylatoxin receptors;chr19;47813103;47825327;1;complement component 5a receptor 1
Class B;CALCR;Calcitonin receptors;chr7;93053798;93204042;4;calcitonin receptor
Class B;CALCRL;Calcitonin receptors;chr2;188207850;188313021;3;calcitonin receptor-like
Class C;CASR;Calcium-sensing receptors;chr3;121902529;122005343;2;calcium-sensing receptor
Class A;CCBP2;Non-signalling 7TM chemokine-binding proteins;chr3;42846245;42941824;5;chemokine binding protein 2
Class A;CCKAR;Cholecystokinin receptors;chr4;26483017;26492042;1;cholecystokinin A receptor
Class A;CCKBR;Cholecystokinin receptors;chr11;6280965;6293355;5;cholecystokinin B receptor
Class A;CCR1;Chemokine receptors;chr3;46243199;46249832;1;chemokine (C-C motif) receptor 1
Class A;CCR10;Chemokine receptors;chr17;40831421;40833845;1;chemokine (C-C motif) receptor 10
Class A;CCR2;Chemokine receptors;chr3;46395234;46402412;2;chemokine (C-C motif) receptor 2
Class A;CCR3;Chemokine receptors;chr3;46205095;46308162;6;chemokine (C-C motif) receptor 3
Class A;CCR4;Chemokine receptors;chr3;32993065;32996403;1;chemokine (C-C motif) receptor 4
Class A;CCR5;Chemokine receptors;chr3;46411632;46417690;2;chemokine (C-C motif) receptor 5
Class A;CCR6;Chemokine receptors;chr6;167412815;167552627;4;chemokine (C-C motif) receptor 6
Class A;CCR7;Chemokine receptors;chr17;38710022;38721724;1;chemokine (C-C motif) receptor 7
Class A;CCR8;Chemokine receptors;chr3;39371196;39375171;2;chemokine (C-C motif) receptor 8
Class A;CCR9;Chemokine receptors;chr3;45928018;45944667;3;chemokine (C-C motif) receptor 9
Class A;CCRL1;Non-signalling 7TM chemokine-binding proteins;chr3;132316093;132321380;2;chemokine (C-C motif) receptor-like 1
Class A;CCRL2;Class A Orphans;chr3;46448720;46451013;3;chemokine (C-C motif) receptor-like 2
Class B;CD97;Class B Orphans;chr19;14492212;14519533;3;CD97 molecule
Class B;CELSR1;Class B Orphans;chr22;46756730;46933067;1;cadherin, EGF LAG seven-pass G-type receptor 1 (flamingo homolog, Drosophila)
Class B;CELSR2;Class B Orphans;chr1;109792640;109818377;1;cadherin, EGF LAG seven-pass G-type receptor 2 (flamingo homolog, Drosophila)
Class B;CELSR3;Class B Orphans;chr3;48662830;48709981;3;cadherin, EGF LAG seven-pass G-type receptor 3 (flamingo homolog, Drosophila)
Class A;CHRM1;Acetylcholine receptors (muscarinic);chr11;62676151;62689012;1;cholinergic receptor, muscarinic 1
Class A;CHRM2;Acetylcholine receptors (muscarinic);chr7;136553398;136701771;10;cholinergic receptor, muscarinic 2
Class A;CHRM3;Acetylcholine receptors (muscarinic);chr1;239549864;240072715;2;cholinergic receptor, muscarinic 3
Class A;CHRM4;Acetylcholine receptors (muscarinic);chr11;46406639;46408107;1;cholinergic receptor, muscarinic 4
Class A;CHRM5;Acetylcholine receptors (muscarinic);chr15;34261088;34357287;2;cholinergic receptor, muscarinic 5
Class A;CMKLR1;Class A Orphans;chr12;108681821;108733094;4;chemokine-like receptor 1
Class A;CNR1;Cannabinoid receptors;chr6;88849586;88875767;7;cannabinoid receptor 1 (brain)
Class A;CNR2;Cannabinoid receptors;chr1;24200460;24239817;1;cannabinoid receptor 2 (macrophage)
Class B;CRHR1;Corticotropin-releasing factor receptors;chr17;43697711;43913193;10;corticotropin releasing hormone receptor 1
Class B;CRHR2;Corticotropin-releasing factor receptors;chr7;30692862;30739719;6;corticotropin releasing hormone receptor 2
Class A;CX3CR1;Chemokine receptors;chr3;39304985;39321527;1;chemokine (C-X3-C motif) receptor 1
Class A;CXCR1;Chemokine receptors;;0;0;0;
Class A;CXCR2;Chemokine receptors;;0;0;0;
Class A;CXCR3;Chemokine receptors;chrX;70835766;70838367;2;chemokine (C-X-C motif) receptor 3
Class A;CXCR4;Chemokine receptors;chr2;136871919;136875725;3;chemokine (C-X-C motif) receptor 4
Class A;CXCR5;Chemokine receptors;chr11;118754540;118766970;2;chemokine (C-X-C motif) receptor 5
Class A;CXCR6;Chemokine receptors;chr3;45984972;45989845;2;chemokine (C-X-C motif) receptor 6
Class A;CXCR7;Chemokine receptors;chr2;237469423;237490992;2;chemokine (C-X-C motif) receptor 7
Class A;CYSLTR1;Leukotriene receptors;chrX;77528130;77583087;3;cysteinyl leukotriene receptor 1
Class A;CYSLTR2;Leukotriene receptors;chr13;49227864;49283498;9;cysteinyl leukotriene receptor 2
Class A;DARC;Non-signalling 7TM chemokine-binding proteins;chr1;159174509;159176288;2;Duffy blood group, chemokine receptor
Class A;DRD1;Dopamine receptors;chr5;174867675;174871163;1;dopamine receptor D1
Class A;DRD2;Dopamine receptors;chr11;113280317;113346413;5;dopamine receptor D2
Class A;DRD3;Dopamine receptors;chr3;113847556;113918254;4;dopamine receptor D3
Class A;DRD4;Dopamine receptors;chr11;637304;640703;1;dopamine receptor D4
Class A;DRD5;Dopamine receptors;chr4;9783257;9785632;1;dopamine receptor D5
Class A;EDNRA;Endothelin receptors;chr4;148401906;148466106;4;endothelin receptor type A
Class A;EDNRB;Endothelin receptors;chr13;78469615;78549664;5;endothelin receptor type B
Class B;ELTD1;Class B Orphans;chr1;79355450;79472495;1;EGF, latrophilin and seven transmembrane domain containing 1
Class B;EMR1;Class B Orphans;chr19;6887581;6940463;5;egf-like module containing, mucin-like, hormone receptor-like 1
Class B;EMR2;Class B Orphans;chr19;14843204;14889353;10;egf-like module containing, mucin-like, hormone receptor-like 2
Class B;EMR3;Class B Orphans;chr19;14730051;14785730;3;egf-like module containing, mucin-like, hormone receptor-like 3
Class B;EMR4P;Class B Orphans;chr19;6952511;6990857;1;egf-like module containing, mucin-like, hormone receptor-like 4 pseudogene
Class A;F2R;Protease-activated receptors;chr5;76011867;76031594;1;coagulation factor II (thrombin) receptor
Class A;F2RL1;Protease-activated receptors;chr5;76114832;76131139;1;coagulation factor II (thrombin) receptor-like 1
Class A;F2RL2;Protease-activated receptors;chr5;75911307;75919240;2;coagulation factor II (thrombin) receptor-like 2
Class A;F2RL3;Protease-activated receptors;chr19;16999825;17002828;1;coagulation factor II (thrombin) receptor-like 3
Class A;FFAR1;Free fatty acid receptors;chr19;35842444;35843367;1;free fatty acid receptor 1
Class A;FFAR2;Free fatty acid receptors;chr19;35939202;35942667;2;free fatty acid receptor 2
Class A;FFAR3;Free fatty acid receptors;chr19;35849487;35863308;3;free fatty acid receptor 3
Class A;FPR1;Formylpeptide receptors;chr19;52249026;52255150;1;formyl peptide receptor 1
Class A;FPR2;Formylpeptide receptors;chr19;52264452;52273777;3;formyl peptide receptor 2
Class A;FPR3;Formylpeptide receptors;chr19;52298410;52329334;1;formyl peptide receptor 3
Class A;FSHR;Glycoprotein hormone receptors;chr2;49189652;49381630;4;follicle stimulating hormone receptor
Frizzled;FZD1;Frizzled receptors;chr7;90893782;90898131;1;frizzled family receptor 1
Frizzled;FZD10;Frizzled receptors;chr12;130647031;130650284;1;frizzled family receptor 10
Frizzled;FZD2;Frizzled receptors;chr17;42634924;42636907;1;frizzled family receptor 2
Frizzled;FZD3;Frizzled receptors;chr8;28351772;28421959;2;frizzled family receptor 3
Frizzled;FZD4;Frizzled receptors;chr11;86656721;86666433;1;frizzled family receptor 4
Frizzled;FZD5;Frizzled receptors;chr2;208627311;208634143;1;frizzled family receptor 5
Frizzled;FZD6;Frizzled receptors;chr8;104310666;104345092;4;frizzled family receptor 6
Frizzled;FZD7;Frizzled receptors;chr2;202899309;202903160;1;frizzled family receptor 7
Frizzled;FZD8;Frizzled receptors;chr10;35927176;35930362;1;frizzled family receptor 8
Frizzled;FZD9;Frizzled receptors;chr7;72848108;72850449;1;frizzled family receptor 9
Class C;GABBR1;GABA<sub>B</sub> receptors;chr6;29523389;29600962;6;gamma-aminobutyric acid (GABA) B receptor, 1
Class C;GABBR2;GABA<sub>B</sub> receptors;chr9;101050365;101471175;1;gamma-aminobutyric acid (GABA) B receptor, 2
Class A;GALR1;Galanin receptors;chr18;74962007;74982094;1;galanin receptor 1
Class A;GALR2;Galanin receptors;chr17;74070891;74073573;1;galanin receptor 2
Class A;GALR3;Galanin receptors;chr22;38219388;38221502;1;galanin receptor 3
Class B;GCGR;Glucagon receptor family;chr17;79762025;79771889;3;glucagon receptor
Class B;GHRHR;Glucagon receptor family;chr7;31003635;31019141;4;growth hormone releasing hormone receptor
Class A;GHSR;Ghrelin receptor;chr3;172162950;172166203;2;growth hormone secretagogue receptor
Class B;GIPR;Glucagon receptor family;chr19;46171501;46185717;4;gastric inhibitory polypeptide receptor
Class B;GLP1R;Glucagon receptor family;chr6;39016556;39055519;3;glucagon-like peptide 1 receptor
Class B;GLP2R;Glucagon receptor family;chr17;9729380;9793022;2;glucagon-like peptide 2 receptor
Class A;GNRHR;Gonadotrophin-releasing hormone receptors;chr4;68603105;68621804;2;gonadotropin-releasing hormone receptor
Class A;GNRHR2;Gonadotrophin-releasing hormone receptors;;0;0;0;
Class A;GPBAR1;Bile acid receptor;chr2;219125737;219128582;3;G protein-coupled bile acid receptor 1
Class A;GPER;Estrogen (G protein coupled) receptor;chr7;1121843;1133451;4;G protein-coupled estrogen receptor 1
Class A;GPR1;Class A Orphans;chr2;207040043;207082771;3;G protein-coupled receptor 1
Class A;GPR101;Class A Orphans;chrX;136112307;136113833;1;G protein-coupled receptor 101
Other 7TM proteins;GPR107;Other 7TM proteins;chr9;132815984;132902448;6;G protein-coupled receptor 107
Class A;GPR109A;Hydroxycarboxylic acid receptors;;0;0;0;
Class A;GPR109B;Hydroxycarboxylic acid receptors;;0;0;0;
Class B;GPR110;Class B Orphans;chr6;46967813;47010082;3;G protein-coupled receptor 110
Class B;GPR111;Class B Orphans;chr6;47624221;47663805;3;G protein-coupled receptor 111
Class B;GPR112;Class B Orphans;chrX;135383121;135499047;3;G protein-coupled receptor 112
Class B;GPR113;Class B Orphans;chr2;26531040;26569685;6;G protein-coupled receptor 113
Class B;GPR114;Class B Orphans;chr16;57576566;57611098;2;G protein-coupled receptor 114
Class B;GPR115;Class B Orphans;chr6;47653599;47689757;3;G protein-coupled receptor 115
Class B;GPR116;Class B Orphans;chr6;46820241;46922675;7;G protein-coupled receptor 116
Class A;GPR119;Class A Orphans;chrX;129518415;129519421;1;G protein-coupled receptor 119
Class A;GPR12;Class A Orphans;chr13;27329340;27334922;2;G protein-coupled receptor 12
Class A;GPR120;Class A Orphans;;0;0;0;
Class B;GPR123;Class B Orphans;chr10;134884432;134945178;2;G protein-coupled receptor 123
Class B;GPR124;Class B Orphans;chr8;37654423;37701492;3;G protein-coupled receptor 124
Class B;GPR125;Class B Orphans;chr4;22388998;22517672;5;G protein-coupled receptor 125
Class B;GPR126;Class B Orphans;chr6;142623055;142767401;4;G protein-coupled receptor 126
Class B;GPR128;Class B Orphans;chr3;100328432;100414321;3;G protein-coupled receptor 128
Class A;GPR132;Class A Orphans;chr14;105515737;105531754;3;G protein-coupled receptor 132
Class B;GPR133;Class B Orphans;chr12;131438451;131626006;3;G protein-coupled receptor 133
Class A;GPR135;Class A Orphans;chr14;59895739;59932059;2;G protein-coupled receptor 135
Other 7TM proteins;GPR137;Other 7TM proteins;chr11;64037533;64056965;7;G protein-coupled receptor 137
Class A;GPR139;Class A Orphans;chr16;20043042;20085100;2;G protein-coupled receptor 139
Class A;GPR141;Class A Orphans;chr7;37779995;37780913;1;G protein-coupled receptor 141
Class A;GPR142;Class A Orphans;chr17;72363545;72368761;2;G protein-coupled receptor 142
Other 7TM proteins;GPR143;Other 7TM proteins;chrX;9693453;9733917;1;G protein-coupled receptor 143
Class B;GPR144;Class B Orphans;chr9;127213422;127240868;3;G protein-coupled receptor 144
Class A;GPR146;Class A Orphans;chr7;1084242;1098897;3;G protein-coupled receptor 146
Class A;GPR148;Class A Orphans;chr2;131486722;131487909;1;G protein-coupled receptor 148
Class A;GPR149;Class A Orphans;chr3;154055461;154147504;1;G protein-coupled receptor 149
Class A;GPR15;Class A Orphans;chr3;98250877;98251958;1;G protein-coupled receptor 15
Class A;GPR150;Class A Orphans;chr5;94955979;94957284;1;G protein-coupled receptor 150
Class A;GPR151;Class A Orphans;chr5;145894416;145895676;1;G protein-coupled receptor 151
Class A;GPR152;Class A Orphans;chr11;67218772;67220200;1;G protein-coupled receptor 152
Class A;GPR153;Class A Orphans;chr1;6307413;6321035;2;G protein-coupled receptor 153
Class C;GPR156;Class C Orphans;chr3;119885879;119963325;2;G protein-coupled receptor 156
Class B;GPR157;Class B Orphans;chr1;9164475;9189229;3;G protein-coupled receptor 157
Class C;GPR158;Class C Orphans;chr10;25464289;25891155;2;G protein-coupled receptor 158
Class A;GPR160;Class A Orphans;chr3;169755734;169803181;2;G protein-coupled receptor 160
Class A;GPR161;Class A Orphans;chr1;168053998;168106821;8;G protein-coupled receptor 161
Class A;GPR162;Class A Orphans;chr12;6930962;6939175;5;G protein-coupled receptor 162
Class A;GPR17;Class A Orphans;chr2;128403438;128410212;4;G protein-coupled receptor 17
Class A;GPR171;Class A Orphans;chr3;150915625;150920988;1;G protein-coupled receptor 171
Class A;GPR173;Class A Orphans;chrX;53078505;53107242;1;G protein-coupled receptor 173
Class A;GPR174;Class A Orphans;chrX;78426468;78427726;1;G protein-coupled receptor 174
Class A;GPR176;Class A Orphans;chr15;40092930;40213093;3;G protein-coupled receptor 176
Class C;GPR179;Class C Orphans;chr17;36481493;36499693;1;G protein-coupled receptor 179
Class A;GPR18;Class A Orphans;chr13;99906967;99910840;2;G protein-coupled receptor 18
Class A;GPR182;Class A Orphans;chr12;57388354;57390468;1;G protein-coupled receptor 182
Class A;GPR183;Class A Orphans;chr13;99946789;99959749;1;G protein-coupled receptor 183
Class A;GPR19;Class A Orphans;chr12;12813994;12849121;3;G protein-coupled receptor 19
Class A;GPR20;Class A Orphans;chr8;142366588;142377365;1;G protein-coupled receptor 20
Class A;GPR21;Class A Orphans;chr9;125795787;125797894;2;G protein-coupled receptor 21
Class A;GPR22;Class A Orphans;chr7;107110501;107116123;1;G protein-coupled receptor 22
Class A;GPR25;Class A Orphans;chr1;200842165;200843251;1;G protein-coupled receptor 25
Class A;GPR26;Class A Orphans;chr10;125425870;125456911;1;G protein-coupled receptor 26
Class A;GPR27;Class A Orphans;chr3;71803200;71804327;1;G protein-coupled receptor 27
Class A;GPR3;Class A Orphans;chr1;27719151;27722315;1;G protein-coupled receptor 3
Class A;GPR31;Class A Orphans;chr6;167570360;167571319;1;G protein-coupled receptor 31
Class A;GPR32;Class A Orphans;chr19;51273857;51274927;1;G protein-coupled receptor 32
Class A;GPR33;Class A Orphans;;0;0;0;
Class A;GPR34;Class A Orphans;chrX;41548225;41556529;4;G protein-coupled receptor 34
Class A;GPR35;Class A Orphans;chr2;241544847;241570675;3;G protein-coupled receptor 35
Class A;GPR37;Class A Orphans;chr7;124386115;124405681;1;G protein-coupled receptor 37 (endothelin receptor type B-like)
Class A;GPR37L1;Class A Orphans;chr1;202092028;202098633;1;G protein-coupled receptor 37 like 1
Class A;GPR39;Class A Orphans;chr2;133174146;133404168;1;G protein-coupled receptor 39
Class A;GPR4;Class A Orphans;chr19;46093024;46105466;1;G protein-coupled receptor 4
Class A;GPR42;Class A Orphans;;0;0;0;
Class A;GPR44;Prostanoid receptors;chr11;60618397;60623444;1;G protein-coupled receptor 44
Class A;GPR45;Class A Orphans;chr2;105858199;105859924;1;G protein-coupled receptor 45
Class A;GPR50;Class A Orphans;chrX;150345058;150349930;2;G protein-coupled receptor 50
Class A;GPR52;Class A Orphans;chr1;174417211;174418683;2;G protein-coupled receptor 52
Class A;GPR55;Class A Orphans;chr2;231772033;231825691;3;G protein-coupled receptor 55
Class B;GPR56;Class B Orphans;chr16;57653649;57698944;11;G protein-coupled receptor 56
Class A;GPR6;Class A Orphans;chr6;110299508;110301921;3;G protein-coupled receptor 6
Class A;GPR61;Class A Orphans;chr1;110082493;110088455;1;G protein-coupled receptor 61
Class A;GPR62;Class A Orphans;chr3;51989329;51991519;1;G protein-coupled receptor 62
Class A;GPR63;Class A Orphans;chr6;97245888;97285353;2;G protein-coupled receptor 63
Class B;GPR64;Class B Orphans;chrX;19007426;19140677;11;G protein-coupled receptor 64
Class A;GPR65;Class A Orphans;chr14;88471495;88478414;1;G protein-coupled receptor 65
Class A;GPR68;Class A Orphans;chr14;91698876;91720224;2;G protein-coupled receptor 68
Class A;GPR75;Class A Orphans;chr2;54080049;54087170;1;G protein-coupled receptor 75
Class A;GPR77;Anaphylatoxin receptors;chr19;47835403;47845272;2;G protein-coupled receptor 77
Class A;GPR78;Class A Orphans;chr4;8582290;8621486;2;G protein-coupled receptor 78
Class A;GPR79;Class A Orphans;;0;0;0;
Class A;GPR81;Hydroxycarboxylic acid receptors;;0;0;0;
Class A;GPR82;Class A Orphans;chrX;41583407;41588317;3;G protein-coupled receptor 82
Class A;GPR83;Class A Orphans;chr11;94110476;94134585;1;G protein-coupled receptor 83
Class A;GPR84;Class A Orphans;chr12;54756230;54758258;1;G protein-coupled receptor 84
Class A;GPR85;Class A Orphans;chr7;112720467;112727833;4;G protein-coupled receptor 85
Class A;GPR87;Class A Orphans;chr3;151011875;151034636;1;G protein-coupled receptor 87
Class A;GPR88;Class A Orphans;chr1;101003727;101007582;1;G protein-coupled receptor 88
Class B;GPR97;Class B Orphans;chr16;57702156;57723288;5;G protein-coupled receptor 97
Class B;GPR98;Class B Orphans;chr5;89854616;90460032;3;G protein-coupled receptor 98
Class C;GPRC5A;Class C Orphans;chr12;13043955;13066598;2;G protein-coupled receptor, family C, group 5, member A
Class C;GPRC5B;Class C Orphans;chr16;19870294;19896832;2;G protein-coupled receptor, family C, group 5, member B
Class C;GPRC5C;Class C Orphans;chr17;72427666;72446719;5;G protein-coupled receptor, family C, group 5, member C
Class C;GPRC5D;Class C Orphans;chr12;13093710;13103318;1;G protein-coupled receptor, family C, group 5, member D
Class C;GPRC6A;Calcium-sensing receptors;chr6;117113247;117150198;3;G protein-coupled receptor, family C, group 6, member A
Class C;GRM1;Metabotropic glutamate receptors;chr6;146348781;146758731;6;glutamate receptor, metabotropic 1
Class C;GRM2;Metabotropic glutamate receptors;chr3;51741080;51752623;3;glutamate receptor, metabotropic 2
Class C;GRM3;Metabotropic glutamate receptors;chr7;86273229;86494191;4;glutamate receptor, metabotropic 3
Class C;GRM4;Metabotropic glutamate receptors;chr6;33989628;34113869;9;glutamate receptor, metabotropic 4
Class C;GRM5;Metabotropic glutamate receptors;chr11;88237744;88799113;3;glutamate receptor, metabotropic 5
Class C;GRM6;Metabotropic glutamate receptors;chr5;178405331;178422124;1;glutamate receptor, metabotropic 6
Class C;GRM7;Metabotropic glutamate receptors;chr3;6902801;7783218;7;glutamate receptor, metabotropic 7
Class C;GRM7;Metabotropic glutamate receptors;chr3;7340370;7724023;2;glutamate receptor, metabotropic 7
Class C;GRM8;Metabotropic glutamate receptors;chr7;126078651;126893147;3;glutamate receptor, metabotropic 8
Class A;GRPR;Bombesin receptors;chrX;16141423;16171640;1;gastrin-releasing peptide receptor
Class A;HCRTR1;Orexin receptors;chr1;32083300;32098117;5;hypocretin (orexin) receptor 1
Class A;HCRTR2;Orexin receptors;chr3;112641531;112693937;1;hypocretin (orexin) receptor 2
Class A;HCRTR2;Orexin receptors;chr6;55039070;55147416;3;hypocretin (orexin) receptor 2
Class A;HRH1;Histamine receptors;chr3;11178778;11304938;4;histamine receptor H1
Class A;HRH2;Histamine receptors;chr5;175085039;175113243;2;histamine receptor H2
Class A;HRH3;Histamine receptors;chr20;60790016;60795323;4;histamine receptor H3
Class A;HRH4;Histamine receptors;chr18;22040592;22059920;3;histamine receptor H4
Class A;HTR1A;5-Hydroxytryptamine receptors;chr5;63256278;63257546;1;5-hydroxytryptamine (serotonin) receptor 1A
Class A;HTR1B;5-Hydroxytryptamine receptors;chr6;78171947;78173120;1;5-hydroxytryptamine (serotonin) receptor 1B
Class A;HTR1D;5-Hydroxytryptamine receptors;chr1;23518388;23521222;1;5-hydroxytryptamine (serotonin) receptor 1D
Class A;HTR1E;5-Hydroxytryptamine receptors;chr6;87647023;87726390;1;5-hydroxytryptamine (serotonin) receptor 1E
Class A;HTR1F;5-Hydroxytryptamine receptors;chr3;88031725;88042919;1;5-hydroxytryptamine (serotonin) receptor 1F
Class A;HTR2A;5-Hydroxytryptamine receptors;chr13;47407512;47471050;3;5-hydroxytryptamine (serotonin) receptor 2A
Class A;HTR2B;5-Hydroxytryptamine receptors;chr2;231972951;231989824;2;5-hydroxytryptamine (serotonin) receptor 2B
Class A;HTR2C;5-Hydroxytryptamine receptors;chrX;113818550;114144624;3;5-hydroxytryptamine (serotonin) receptor 2C
Class A;HTR4;5-Hydroxytryptamine receptors;chr5;147830594;148442737;15;5-hydroxytryptamine (serotonin) receptor 4
Class A;HTR5A;5-Hydroxytryptamine receptors;chr7;154862545;154877459;1;5-hydroxytryptamine (serotonin) receptor 5A
Class A;HTR5B;5-Hydroxytryptamine receptors;;0;0;0;
Class A;HTR6;5-Hydroxytryptamine receptors;chr1;19991779;20006054;1;5-hydroxytryptamine (serotonin) receptor 6
Class A;HTR7;5-Hydroxytryptamine receptors;chr10;92500577;92617671;3;5-hydroxytryptamine (serotonin) receptor 7 (adenylate cyclase-coupled)
Class A;KISS1R;Kisspeptin receptor;chr19;917341;921014;1;KISS1 receptor
Class A;LGR4;Class A Orphans;chr11;27387509;27494334;2;leucine-rich repeat containing G protein-coupled receptor 4
Class A;LGR5;Class A Orphans;chr12;71833812;71980086;3;leucine-rich repeat containing G protein-coupled receptor 5
Class A;LGR6;Class A Orphans;chr1;202163117;202288888;3;leucine-rich repeat containing G protein-coupled receptor 6
Class A;LHCGR;Glycoprotein hormone receptors;chr2;48913920;48982880;2;luteinizing hormone/choriogonadotropin receptor
Class A;LPAR1;Lysophospholipid receptors;chr9;113636055;113801526;7;lysophosphatidic acid receptor 1
Class A;LPAR2;Lysophospholipid receptors;chr19;19734467;19739739;3;lysophosphatidic acid receptor 2
Class A;LPAR3;Lysophospholipid receptors;chr1;85279085;85358896;2;lysophosphatidic acid receptor 3
Class A;LPAR4;Lysophospholipid receptors;chrX;78003205;78012576;1;lysophosphatidic acid receptor 4
Class A;LPAR5;Lysophospholipid receptors;chr12;6728000;6748203;3;lysophosphatidic acid receptor 5
Class A;LPAR6;Class A Orphans;chr13;48985183;49018840;3;lysophosphatidic acid receptor 6
Class B;LPHN1;Class B Orphans;chr19;14258550;14316997;2;latrophilin 1
Class B;LPHN2;Class B Orphans;chr1;82165454;82458106;6;latrophilin 2
Class B;LPHN3;Class B Orphans;chr4;62066973;62938167;5;latrophilin 3
Class A;LTB4R;Leukotriene receptors;chr14;24780704;24787061;3;leukotriene B4 receptor
Class A;LTB4R2;Leukotriene receptors;chr14;24778160;24781259;3;leukotriene B4 receptor 2
Class A;MAS1;Class A Orphans;chr6;160327973;160329105;1;MAS1 oncogene
Class A;MAS1L;Class A Orphans;chr6;29454544;29455679;1;MAS1 oncogene-like
Class A;MC1R;Melanocortin receptors;chr16;89984286;89987384;1;melanocortin 1 receptor (alpha melanocyte stimulating hormone receptor)
Class A;MC2R;Melanocortin receptors;chr18;13882042;13915535;1;melanocortin 2 receptor (adrenocorticotropic hormone)
Class A;MC3R;Melanocortin receptors;chr20;54823787;54824871;1;melanocortin 3 receptor
Class A;MC4R;Melanocortin receptors;chr18;58038563;58040001;1;melanocortin 4 receptor
Class A;MC5R;Melanocortin receptors;chr18;13825764;13826740;1;melanocortin 5 receptor
Class A;MCHR1;Melanin-concentrating hormone receptors;chr22;41075181;41078817;2;melanin-concentrating hormone receptor 1
Class A;MCHR2;Melanin-concentrating hormone receptors;chr6;100367785;100442114;2;melanin-concentrating hormone receptor 2
Class A;MLNR;Motilin receptor;chr13;49794473;49796511;1;motilin receptor
Class A;MRGPRD;Class A Orphans;chr11;68747490;68748455;1;MAS-related GPR, member D
Class A;MRGPRE;Class A Orphans;chr11;3249041;3253616;1;MAS-related GPR, member E
Class A;MRGPRF;Class A Orphans;chr11;68771862;68780850;2;MAS-related GPR, member F
Class A;MRGPRG;Class A Orphans;;0;0;0;
Class A;MRGPRX1;Class A Orphans;chr11;18955360;18956549;1;MAS-related GPR, member X1
Class A;MRGPRX2;Class A Orphans;chr11;19076004;19082228;1;MAS-related GPR, member X2
Class A;MRGPRX3;Class A Orphans;chr11;18142501;18160025;1;MAS-related GPR, member X3
Class A;MRGPRX4;Class A Orphans;chr11;18194383;18195827;1;MAS-related GPR, member X4
Class A;MTNR1A;Melatonin receptors;chr4;187454808;187476537;1;melatonin receptor 1A
Class A;MTNR1B;Melatonin receptors;chr11;92702788;92715948;1;melatonin receptor 1B
Class A;NMBR;Bombesin receptors;chr6;142396745;142409936;1;neuromedin B receptor
Class A;NMUR1;Neuromedin U receptors;chr2;232387871;232395182;1;neuromedin U receptor 1
Class A;NMUR2;Neuromedin U receptors;chr5;151771101;151784840;1;neuromedin U receptor 2
Class A;NPBWR1;Neuropeptide W/neuropeptide B receptors;chr8;53852467;53853453;1;neuropeptides B/W receptor 1
Class A;NPBWR2;Neuropeptide W/neuropeptide B receptors;chr20;62737183;62738184;1;neuropeptides B/W receptor 2
Class A;NPFFR1;Neuropeptide FF/neuropeptide AF receptors;chr10;72014713;72026148;1;neuropeptide FF receptor 1
Class A;NPFFR2;Neuropeptide FF/neuropeptide AF receptors;chr4;72897520;73018748;5;neuropeptide FF receptor 2
Class A;NPSR1;Neuropeptide S receptor;chr7;34697896;34917944;8;neuropeptide S receptor 1
Class A;NPY1R;Neuropeptide Y receptors;chr4;164245116;164253748;2;neuropeptide Y receptor Y1
Class A;NPY2R;Neuropeptide Y receptors;chr4;156129780;156138226;2;neuropeptide Y receptor Y2
Class A;NPY5R;Neuropeptide Y receptors;chr4;164265090;164273084;1;neuropeptide Y receptor Y5
Class A;NPY6R;Neuropeptide Y receptors;chr5;137143461;137145414;1;neuropeptide Y receptor Y6 (pseudogene)
Class A;NTSR1;Neurotensin receptors;chr20;61340188;61394122;1;neurotensin receptor 1 (high affinity)
Class A;NTSR2;Neurotensin receptors;chr2;11798304;11810329;1;neurotensin receptor 2
Class A;OPN3;Class A Orphans;chr1;241756452;241803701;3;opsin 3
Class A;OPN5;Class A Orphans;chr6;47749797;47794114;2;opsin 5
Class A;OPRD1;Opioid receptors;chr1;29138653;29190208;1;opioid receptor, delta 1
Class A;OPRK1;Opioid receptors;chr8;54138275;54164194;3;opioid receptor, kappa 1
Class A;OPRL1;Opioid receptors;chr20;62711487;62731991;3;opiate receptor-like 1
Class A;OPRM1;Opioid receptors;chr6;154331635;154568001;17;opioid receptor, mu 1
Other 7TM proteins;OR51E1;Other 7TM proteins;chr11;4665155;4676714;1;olfactory receptor, family 51, subfamily E, member 1
Class A;OXER1;Leukotriene receptors;chr2;42989640;42991401;1;oxoeicosanoid (OXE) receptor 1
Class A;OXGR1;Class A Orphans;chr13;97637972;97646604;2;oxoglutarate (alpha-ketoglutarate) receptor 1
Class A;OXTR;Vasopressin and oxytocin receptors;chr3;8792096;8811300;1;oxytocin receptor
Class A;P2RY1;P2Y receptors;chr3;152552735;152555841;1;purinergic receptor P2Y, G-protein coupled, 1
Class A;P2RY10;Class A Orphans;chrX;78200828;78217437;2;purinergic receptor P2Y, G-protein coupled, 10
Class A;P2RY11;P2Y receptors;chr19;10222196;10226062;1;purinergic receptor P2Y, G-protein coupled, 11
Class A;P2RY12;P2Y receptors;chr3;151055375;151102544;2;purinergic receptor P2Y, G-protein coupled, 12
Class A;P2RY13;P2Y receptors;chr3;151044095;151047337;1;purinergic receptor P2Y, G-protein coupled, 13
Class A;P2RY14;P2Y receptors;chr3;150929904;150996230;2;purinergic receptor P2Y, G-protein coupled, 14
Class A;P2RY2;P2Y receptors;chr11;72929343;72947393;3;purinergic receptor P2Y, G-protein coupled, 2
Class A;P2RY4;P2Y receptors;chrX;69478015;69479654;1;pyrimidinergic receptor P2Y, G-protein coupled, 4
Class A;P2RY6;P2Y receptors;chr11;72975569;73009656;7;pyrimidinergic receptor P2Y, G-protein coupled, 6
Class A;P2RY8;Class A Orphans;chrX;1581465;1656037;1;purinergic receptor P2Y, G-protein coupled, 8
Class A;P2RY8;Class A Orphans;chrY;1531465;1606037;1;purinergic receptor P2Y, G-protein coupled, 8
Class A;PPYR1;Neuropeptide Y receptors;chr10;47083533;47088319;2;pancreatic polypeptide receptor 1
Class A;PRLHR;Prolactin-releasing peptide receptor;chr10;120352915;120355160;1;prolactin releasing hormone receptor
Class A;PROKR1;Prokineticin receptors;chr2;68872793;68882706;1;prokineticin receptor 1
Class A;PROKR2;Prokineticin receptors;chr20;5282686;5297378;3;prokineticin receptor 2
Class A;PTAFR;Platelet-activating factor receptor;chr1;28475863;28520447;3;platelet-activating factor receptor
Class A;PTGDR;Prostanoid receptors;chr14;52734430;52743441;1;prostaglandin D2 receptor (DP)
Class A;PTGER1;Prostanoid receptors;chr19;14583278;14586174;1;prostaglandin E receptor 1 (subtype EP1), 42kDa
Class A;PTGER2;Prostanoid receptors;chr14;52781015;52795320;1;prostaglandin E receptor 2 (subtype EP2), 53kDa
Class A;PTGER3;Prostanoid receptors;chr1;71318035;71513491;14;prostaglandin E receptor 3 (subtype EP3)
Class A;PTGER4;Prostanoid receptors;chr5;40680031;40693835;1;prostaglandin E receptor 4 (subtype EP4)
Class A;PTGFR;Prostanoid receptors;chr1;78956727;79006385;2;prostaglandin F receptor (FP)
Class A;PTGIR;Prostanoid receptors;chr19;47123725;47128354;1;prostaglandin I2 (prostacyclin) receptor (IP)
Class B;PTH1R;Parathyroid hormone receptors;chr3;46919235;46945286;2;parathyroid hormone 1 receptor
Class B;PTH2R;Parathyroid hormone receptors;chr2;209224568;209359224;2;parathyroid hormone 2 receptor
Class A;QRFPR;Peptide P518 receptor;chr4;122249796;122302181;3;pyroglutamylated RFamide peptide receptor
Class A;RXFP1;Relaxin family peptide receptors;chr4;159443046;159573262;10;relaxin/insulin-like family peptide receptor 1
Class A;RXFP2;Relaxin family peptide receptors;chr13;32313678;32377008;2;relaxin/insulin-like family peptide receptor 2
Class A;RXFP3;Relaxin family peptide receptors;chr5;33936490;33938342;1;relaxin/insulin-like family peptide receptor 3
Class A;RXFP4;Relaxin family peptide receptors;chr1;155911479;155912624;1;relaxin/insulin-like family peptide receptor 4
Class A;S1PR1;Lysophospholipid receptors;chr1;101702304;101707076;2;sphingosine-1-phosphate receptor 1
Class A;S1PR2;Lysophospholipid receptors;chr19;10332108;10341948;1;sphingosine-1-phosphate receptor 2
Class A;S1PR3;Lysophospholipid receptors;chr9;91606361;91619924;1;sphingosine-1-phosphate receptor 3
Class A;S1PR4;Lysophospholipid receptors;chr19;3178765;3180329;1;sphingosine-1-phosphate receptor 4
Class A;S1PR5;Lysophospholipid receptors;chr19;10623622;10628607;2;sphingosine-1-phosphate receptor 5
Class B;SCTR;Glucagon receptor family;chr2;120197420;120282028;2;secretin receptor
Frizzled;SMO;Frizzled receptors;chr7;128828712;128853383;1;smoothened, frizzled family receptor
Class A;SSTR1;Somatostatin receptors;chr14;38677203;38682268;2;somatostatin receptor 1
Class A;SSTR2;Somatostatin receptors;chr17;71161159;71168060;1;somatostatin receptor 2
Class A;SSTR3;Somatostatin receptors;chr22;37602245;37608353;2;somatostatin receptor 3
Class A;SSTR4;Somatostatin receptors;chr20;23016056;23017314;1;somatostatin receptor 4
Class A;SSTR5;Somatostatin receptors;chr16;1128780;1130142;1;somatostatin receptor 5
Class A;SUCNR1;Class A Orphans;chr3;151591436;151599650;1;succinate receptor 1
Class A;TAAR1;Trace amine receptor;chr6;132966122;132967142;1;trace amine associated receptor 1
Class A;TAAR2;Class A Orphans;chr6;132938288;132945414;2;trace amine associated receptor 2
Class A;TAAR3;Class A Orphans;;0;0;0;
Class A;TAAR4P;Class A Orphans;;0;0;0;
Class A;TAAR5;Class A Orphans;chr6;132909730;132910877;1;trace amine associated receptor 5
Class A;TAAR6;Class A Orphans;chr6;132891460;132892496;1;trace amine associated receptor 6
Class A;TAAR8;Class A Orphans;chr6;132873831;132874858;1;trace amine associated receptor 8
Class A;TAAR9;Class A Orphans;chr6;132859426;132860473;1;trace amine associated receptor 9 (gene/pseudogene)
Class A;TACR1;Tachykinin receptors;chr2;75273589;75426645;2;tachykinin receptor 1
Class A;TACR2;Tachykinin receptors;chr10;71163957;71176674;2;tachykinin receptor 2
Class A;TACR3;Tachykinin receptors;chr4;104510624;104640973;1;tachykinin receptor 3
Class C;TAS1R1;Taste 1 receptors;chr1;6615433;6639816;4;taste receptor, type 1, member 1
Class C;TAS1R2;Taste 1 receptors;chr1;19166092;19186155;1;taste receptor, type 1, member 2
Class C;TAS1R3;Taste 1 receptors;chr1;1266725;1269843;1;taste receptor, type 1, member 3
Class A;TBXA2R;Prostanoid receptors;chr19;3594503;3606658;2;thromboxane A2 receptor
Other 7TM proteins;TPRA1;Other 7TM proteins;chr3;127291907;127309931;4;transmembrane protein, adipocyte asscociated 1
Class A;TRHR;Thyrotropin-releasing hormone receptor;chr8;110099725;110131810;1;thyrotropin-releasing hormone receptor
Class A;TSHR;Glycoprotein hormone receptors;chr14;81421868;81612646;4;thyroid stimulating hormone receptor
Class A;UTS2R;Urotensin receptor;chr17;80332200;80333369;1;urotensin 2 receptor
Class B;VIPR1;VIP and PACAP receptors;chr3;42544103;42579065;5;vasoactive intestinal peptide receptor 1
Class B;VIPR2;VIP and PACAP receptors;chr7;158820866;158937649;3;vasoactive intestinal peptide receptor 2
Class A;XCR1;Chemokine receptors;chr3;46062291;46068979;2;chemokine (C motif) receptor 1
