CHR;BP1;BP2;GENENAME;CLASS;FAMILY;MAPTOTAL;PRODUCT
chr7;31092141;31146311;ADCYAP1R1;Class B;VIP and PACAP receptors;6;adenylate cyclase activating polypeptide 1 (pituitary) receptor type I
chr1;203096835;203136533;ADORA1;Class A;Adenosine receptors;4;adenosine A1 receptor
chr22;24813708;24838324;ADORA2A;Class A;Adenosine receptors;8;adenosine A2a receptor
chr17;15848230;15879210;ADORA2B;Class A;Adenosine receptors;1;adenosine A2b receptor
chr1;112025970;112106597;ADORA3;Class A;Adenosine receptors;3;adenosine A3 receptor
chr8;26605666;26722922;ADRA1A;Class A;Adrenoceptors;8;adrenergic, alpha-1A-, receptor
chr5;159343739;159400017;ADRA1B;Class A;Adrenoceptors;1;adrenergic, alpha-1B-, receptor
chr20;4201277;4229659;ADRA1D;Class A;Adrenoceptors;1;adrenergic, alpha-1D-, receptor
chr10;112836789;112840660;ADRA2A;Class A;Adrenoceptors;1;adrenergic, alpha-2A-, receptor
chr2;96778625;96781888;ADRA2B;Class A;Adrenoceptors;1;adrenergic, alpha-2B-, receptor
chr4;3768074;3770251;ADRA2C;Class A;Adrenoceptors;2;adrenergic, alpha-2C-, receptor
chr10;115803805;115806665;ADRB1;Class A;Adrenoceptors;1;adrenergic, beta-1-, receptor
chr5;148206155;148208188;ADRB2;Class A;Adrenoceptors;1;adrenergic, beta-2-, receptor, surface
chr8;37820515;37824184;ADRB3;Class A;Adrenoceptors;1;adrenergic, beta-3-, receptor
chr3;148415657;148460788;AGTR1;Class A;Angiotensin receptors;5;angiotensin II receptor, type 1
chrX;115301957;115306223;AGTR2;Class A;Angiotensin receptors;1;angiotensin II receptor, type 2
chr11;57001053;57004927;APLNR;Class A;Apelin receptor;2;apelin receptor
chr12;63540215;63546590;AVPR1A;Class A;Vasopressin and oxytocin receptors;1;arginine vasopressin receptor 1A
chr1;206224282;206231482;AVPR1B;Class A;Vasopressin and oxytocin receptors;1;arginine vasopressin receptor 1B
chrX;153167984;153172619;AVPR2;Class A;Vasopressin and oxytocin receptors;3;arginine vasopressin receptor 2
chr8;143545376;143626367;BAI1;Class B;Class B Orphans;1;brain-specific angiogenesis inhibitor 1
chr1;32192718;32229648;BAI2;Class B;Class B Orphans;7;brain-specific angiogenesis inhibitor 2
chr6;69345631;70099402;BAI3;Class B;Class B Orphans;3;brain-specific angiogenesis inhibitor 3
chr14;96722558;96735303;BDKRB1;Class A;Bradykinin receptors;2;bradykinin receptor B1
chr14;96671134;96710666;BDKRB2;Class A;Bradykinin receptors;3;bradykinin receptor B2
chrX;135570124;135574598;BRS3;Class A;Bombesin receptors;1;bombesin-like receptor 3
chr12;8210918;8218955;C3AR1;Class A;Anaphylatoxin receptors;1;complement component 3a receptor 1
chr19;47813103;47825327;C5AR1;Class A;Anaphylatoxin receptors;1;complement component 5a receptor 1
chr7;93053798;93204042;CALCR;Class B;Calcitonin receptors;4;calcitonin receptor
chr2;188207850;188313021;CALCRL;Class B;Calcitonin receptors;3;calcitonin receptor-like
chr3;121902529;122005343;CASR;Class C;Calcium-sensing receptors;2;calcium-sensing receptor
chr3;42846245;42941824;CCBP2;Class A;Non-signalling 7TM chemokine-binding proteins;5;chemokine binding protein 2
chr4;26483017;26492042;CCKAR;Class A;Cholecystokinin receptors;1;cholecystokinin A receptor
chr11;6280965;6293355;CCKBR;Class A;Cholecystokinin receptors;5;cholecystokinin B receptor
chr3;46243199;46249832;CCR1;Class A;Chemokine receptors;1;chemokine (C-C motif) receptor 1
chr17;40831421;40833845;CCR10;Class A;Chemokine receptors;1;chemokine (C-C motif) receptor 10
chr3;46395234;46402412;CCR2;Class A;Chemokine receptors;2;chemokine (C-C motif) receptor 2
chr3;46205095;46308162;CCR3;Class A;Chemokine receptors;6;chemokine (C-C motif) receptor 3
chr3;32993065;32996403;CCR4;Class A;Chemokine receptors;1;chemokine (C-C motif) receptor 4
chr3;46411632;46417690;CCR5;Class A;Chemokine receptors;2;chemokine (C-C motif) receptor 5
chr6;167412815;167552627;CCR6;Class A;Chemokine receptors;4;chemokine (C-C motif) receptor 6
chr17;38710022;38721724;CCR7;Class A;Chemokine receptors;1;chemokine (C-C motif) receptor 7
chr3;39371196;39375171;CCR8;Class A;Chemokine receptors;2;chemokine (C-C motif) receptor 8
chr3;45928018;45944667;CCR9;Class A;Chemokine receptors;3;chemokine (C-C motif) receptor 9
chr3;132316093;132321380;CCRL1;Class A;Non-signalling 7TM chemokine-binding proteins;2;chemokine (C-C motif) receptor-like 1
chr3;46448720;46451013;CCRL2;Class A;Class A Orphans;3;chemokine (C-C motif) receptor-like 2
chr19;14492212;14519533;CD97;Class B;Class B Orphans;3;CD97 molecule
chr22;46756730;46933067;CELSR1;Class B;Class B Orphans;1;cadherin, EGF LAG seven-pass G-type receptor 1 (flamingo homolog, Drosophila)
chr1;109792640;109818377;CELSR2;Class B;Class B Orphans;1;cadherin, EGF LAG seven-pass G-type receptor 2 (flamingo homolog, Drosophila)
chr3;48662830;48709981;CELSR3;Class B;Class B Orphans;3;cadherin, EGF LAG seven-pass G-type receptor 3 (flamingo homolog, Drosophila)
chr11;62676151;62689012;CHRM1;Class A;Acetylcholine receptors (muscarinic);1;cholinergic receptor, muscarinic 1
chr7;136553398;136701771;CHRM2;Class A;Acetylcholine receptors (muscarinic);10;cholinergic receptor, muscarinic 2
chr1;239549864;240072715;CHRM3;Class A;Acetylcholine receptors (muscarinic);2;cholinergic receptor, muscarinic 3
chr11;46406639;46408107;CHRM4;Class A;Acetylcholine receptors (muscarinic);1;cholinergic receptor, muscarinic 4
chr15;34261088;34357287;CHRM5;Class A;Acetylcholine receptors (muscarinic);2;cholinergic receptor, muscarinic 5
chr12;108681821;108733094;CMKLR1;Class A;Class A Orphans;4;chemokine-like receptor 1
chr6;88849586;88875767;CNR1;Class A;Cannabinoid receptors;7;cannabinoid receptor 1 (brain)
chr1;24200460;24239817;CNR2;Class A;Cannabinoid receptors;1;cannabinoid receptor 2 (macrophage)
chr17;43697711;43913193;CRHR1;Class B;Corticotropin-releasing factor receptors;10;corticotropin releasing hormone receptor 1
chr7;30692862;30739719;CRHR2;Class B;Corticotropin-releasing factor receptors;6;corticotropin releasing hormone receptor 2
chr3;39304985;39321527;CX3CR1;Class A;Chemokine receptors;1;chemokine (C-X3-C motif) receptor 1
;0;0;CXCR1;Class A;Chemokine receptors;0;
;0;0;CXCR2;Class A;Chemokine receptors;0;
chrX;70835766;70838367;CXCR3;Class A;Chemokine receptors;2;chemokine (C-X-C motif) receptor 3
chr2;136871919;136875725;CXCR4;Class A;Chemokine receptors;3;chemokine (C-X-C motif) receptor 4
chr11;118754540;118766970;CXCR5;Class A;Chemokine receptors;2;chemokine (C-X-C motif) receptor 5
chr3;45984972;45989845;CXCR6;Class A;Chemokine receptors;2;chemokine (C-X-C motif) receptor 6
chr2;237469423;237490992;CXCR7;Class A;Chemokine receptors;2;chemokine (C-X-C motif) receptor 7
chrX;77528130;77583087;CYSLTR1;Class A;Leukotriene receptors;3;cysteinyl leukotriene receptor 1
chr13;49227864;49283498;CYSLTR2;Class A;Leukotriene receptors;9;cysteinyl leukotriene receptor 2
chr1;159174509;159176288;DARC;Class A;Non-signalling 7TM chemokine-binding proteins;2;Duffy blood group, chemokine receptor
chr5;174867675;174871163;DRD1;Class A;Dopamine receptors;1;dopamine receptor D1
chr11;113280317;113346413;DRD2;Class A;Dopamine receptors;5;dopamine receptor D2
chr3;113847556;113918254;DRD3;Class A;Dopamine receptors;4;dopamine receptor D3
chr11;637304;640703;DRD4;Class A;Dopamine receptors;1;dopamine receptor D4
chr4;9783257;9785632;DRD5;Class A;Dopamine receptors;1;dopamine receptor D5
chr4;148401906;148466106;EDNRA;Class A;Endothelin receptors;4;endothelin receptor type A
chr13;78469615;78549664;EDNRB;Class A;Endothelin receptors;5;endothelin receptor type B
chr1;79355450;79472495;ELTD1;Class B;Class B Orphans;1;EGF, latrophilin and seven transmembrane domain containing 1
chr19;6887581;6940463;EMR1;Class B;Class B Orphans;5;egf-like module containing, mucin-like, hormone receptor-like 1
chr19;14843204;14889353;EMR2;Class B;Class B Orphans;10;egf-like module containing, mucin-like, hormone receptor-like 2
chr19;14730051;14785730;EMR3;Class B;Class B Orphans;3;egf-like module containing, mucin-like, hormone receptor-like 3
chr19;6952511;6990857;EMR4P;Class B;Class B Orphans;1;egf-like module containing, mucin-like, hormone receptor-like 4 pseudogene
chr5;76011867;76031594;F2R;Class A;Protease-activated receptors;1;coagulation factor II (thrombin) receptor
chr5;76114832;76131139;F2RL1;Class A;Protease-activated receptors;1;coagulation factor II (thrombin) receptor-like 1
chr5;75911307;75919240;F2RL2;Class A;Protease-activated receptors;2;coagulation factor II (thrombin) receptor-like 2
chr19;16999825;17002828;F2RL3;Class A;Protease-activated receptors;1;coagulation factor II (thrombin) receptor-like 3
chr19;35842444;35843367;FFAR1;Class A;Free fatty acid receptors;1;free fatty acid receptor 1
chr19;35939202;35942667;FFAR2;Class A;Free fatty acid receptors;2;free fatty acid receptor 2
chr19;35849487;35863308;FFAR3;Class A;Free fatty acid receptors;3;free fatty acid receptor 3
chr19;52249026;52255150;FPR1;Class A;Formylpeptide receptors;1;formyl peptide receptor 1
chr19;52264452;52273777;FPR2;Class A;Formylpeptide receptors;3;formyl peptide receptor 2
chr19;52298410;52329334;FPR3;Class A;Formylpeptide receptors;1;formyl peptide receptor 3
chr2;49189652;49381630;FSHR;Class A;Glycoprotein hormone receptors;4;follicle stimulating hormone receptor
chr7;90893782;90898131;FZD1;Frizzled;Frizzled receptors;1;frizzled family receptor 1
chr12;130647031;130650284;FZD10;Frizzled;Frizzled receptors;1;frizzled family receptor 10
chr17;42634924;42636907;FZD2;Frizzled;Frizzled receptors;1;frizzled family receptor 2
chr8;28351772;28421959;FZD3;Frizzled;Frizzled receptors;2;frizzled family receptor 3
chr11;86656721;86666433;FZD4;Frizzled;Frizzled receptors;1;frizzled family receptor 4
chr2;208627311;208634143;FZD5;Frizzled;Frizzled receptors;1;frizzled family receptor 5
chr8;104310666;104345092;FZD6;Frizzled;Frizzled receptors;4;frizzled family receptor 6
chr2;202899309;202903160;FZD7;Frizzled;Frizzled receptors;1;frizzled family receptor 7
chr10;35927176;35930362;FZD8;Frizzled;Frizzled receptors;1;frizzled family receptor 8
chr7;72848108;72850449;FZD9;Frizzled;Frizzled receptors;1;frizzled family receptor 9
chr6;29523389;29600962;GABBR1;Class C;GABA<sub>B</sub> receptors;6;gamma-aminobutyric acid (GABA) B receptor, 1
chr9;101050365;101471175;GABBR2;Class C;GABA<sub>B</sub> receptors;1;gamma-aminobutyric acid (GABA) B receptor, 2
chr18;74962007;74982094;GALR1;Class A;Galanin receptors;1;galanin receptor 1
chr17;74070891;74073573;GALR2;Class A;Galanin receptors;1;galanin receptor 2
chr22;38219388;38221502;GALR3;Class A;Galanin receptors;1;galanin receptor 3
chr17;79762025;79771889;GCGR;Class B;Glucagon receptor family;3;glucagon receptor
chr7;31003635;31019141;GHRHR;Class B;Glucagon receptor family;4;growth hormone releasing hormone receptor
chr3;172162950;172166203;GHSR;Class A;Ghrelin receptor;2;growth hormone secretagogue receptor
chr19;46171501;46185717;GIPR;Class B;Glucagon receptor family;4;gastric inhibitory polypeptide receptor
chr6;39016556;39055519;GLP1R;Class B;Glucagon receptor family;3;glucagon-like peptide 1 receptor
chr17;9729380;9793022;GLP2R;Class B;Glucagon receptor family;2;glucagon-like peptide 2 receptor
chr4;68603105;68621804;GNRHR;Class A;Gonadotrophin-releasing hormone receptors;2;gonadotropin-releasing hormone receptor
;0;0;GNRHR2;Class A;Gonadotrophin-releasing hormone receptors;0;
chr2;219125737;219128582;GPBAR1;Class A;Bile acid receptor;3;G protein-coupled bile acid receptor 1
chr7;1121843;1133451;GPER;Class A;Estrogen (G protein coupled) receptor;4;G protein-coupled estrogen receptor 1
chr2;207040043;207082771;GPR1;Class A;Class A Orphans;3;G protein-coupled receptor 1
chrX;136112307;136113833;GPR101;Class A;Class A Orphans;1;G protein-coupled receptor 101
chr9;132815984;132902448;GPR107;Other 7TM proteins;Other 7TM proteins;6;G protein-coupled receptor 107
;0;0;GPR109A;Class A;Hydroxycarboxylic acid receptors;0;
;0;0;GPR109B;Class A;Hydroxycarboxylic acid receptors;0;
chr6;46967813;47010082;GPR110;Class B;Class B Orphans;3;G protein-coupled receptor 110
chr6;47624221;47663805;GPR111;Class B;Class B Orphans;3;G protein-coupled receptor 111
chrX;135383121;135499047;GPR112;Class B;Class B Orphans;3;G protein-coupled receptor 112
chr2;26531040;26569685;GPR113;Class B;Class B Orphans;6;G protein-coupled receptor 113
chr16;57576566;57611098;GPR114;Class B;Class B Orphans;2;G protein-coupled receptor 114
chr6;47653599;47689757;GPR115;Class B;Class B Orphans;3;G protein-coupled receptor 115
chr6;46820241;46922675;GPR116;Class B;Class B Orphans;7;G protein-coupled receptor 116
chrX;129518415;129519421;GPR119;Class A;Class A Orphans;1;G protein-coupled receptor 119
chr13;27329340;27334922;GPR12;Class A;Class A Orphans;2;G protein-coupled receptor 12
;0;0;GPR120;Class A;Class A Orphans;0;
chr10;134884432;134945178;GPR123;Class B;Class B Orphans;2;G protein-coupled receptor 123
chr8;37654423;37701492;GPR124;Class B;Class B Orphans;3;G protein-coupled receptor 124
chr4;22388998;22517672;GPR125;Class B;Class B Orphans;5;G protein-coupled receptor 125
chr6;142623055;142767401;GPR126;Class B;Class B Orphans;4;G protein-coupled receptor 126
chr3;100328432;100414321;GPR128;Class B;Class B Orphans;3;G protein-coupled receptor 128
chr14;105515737;105531754;GPR132;Class A;Class A Orphans;3;G protein-coupled receptor 132
chr12;131438451;131626006;GPR133;Class B;Class B Orphans;3;G protein-coupled receptor 133
chr14;59895739;59932059;GPR135;Class A;Class A Orphans;2;G protein-coupled receptor 135
chr11;64037533;64056965;GPR137;Other 7TM proteins;Other 7TM proteins;7;G protein-coupled receptor 137
chr16;20043042;20085100;GPR139;Class A;Class A Orphans;2;G protein-coupled receptor 139
chr7;37779995;37780913;GPR141;Class A;Class A Orphans;1;G protein-coupled receptor 141
chr17;72363545;72368761;GPR142;Class A;Class A Orphans;2;G protein-coupled receptor 142
chrX;9693453;9733917;GPR143;Other 7TM proteins;Other 7TM proteins;1;G protein-coupled receptor 143
chr9;127213422;127240868;GPR144;Class B;Class B Orphans;3;G protein-coupled receptor 144
chr7;1084242;1098897;GPR146;Class A;Class A Orphans;3;G protein-coupled receptor 146
chr2;131486722;131487909;GPR148;Class A;Class A Orphans;1;G protein-coupled receptor 148
chr3;154055461;154147504;GPR149;Class A;Class A Orphans;1;G protein-coupled receptor 149
chr3;98250877;98251958;GPR15;Class A;Class A Orphans;1;G protein-coupled receptor 15
chr5;94955979;94957284;GPR150;Class A;Class A Orphans;1;G protein-coupled receptor 150
chr5;145894416;145895676;GPR151;Class A;Class A Orphans;1;G protein-coupled receptor 151
chr11;67218772;67220200;GPR152;Class A;Class A Orphans;1;G protein-coupled receptor 152
chr1;6307413;6321035;GPR153;Class A;Class A Orphans;2;G protein-coupled receptor 153
chr3;119885879;119963325;GPR156;Class C;Class C Orphans;2;G protein-coupled receptor 156
chr1;9164475;9189229;GPR157;Class B;Class B Orphans;3;G protein-coupled receptor 157
chr10;25464289;25891155;GPR158;Class C;Class C Orphans;2;G protein-coupled receptor 158
chr3;169755734;169803181;GPR160;Class A;Class A Orphans;2;G protein-coupled receptor 160
chr1;168053998;168106821;GPR161;Class A;Class A Orphans;8;G protein-coupled receptor 161
chr12;6930962;6939175;GPR162;Class A;Class A Orphans;5;G protein-coupled receptor 162
chr2;128403438;128410212;GPR17;Class A;Class A Orphans;4;G protein-coupled receptor 17
chr3;150915625;150920988;GPR171;Class A;Class A Orphans;1;G protein-coupled receptor 171
chrX;53078505;53107242;GPR173;Class A;Class A Orphans;1;G protein-coupled receptor 173
chrX;78426468;78427726;GPR174;Class A;Class A Orphans;1;G protein-coupled receptor 174
chr15;40092930;40213093;GPR176;Class A;Class A Orphans;3;G protein-coupled receptor 176
chr17;36481493;36499693;GPR179;Class C;Class C Orphans;1;G protein-coupled receptor 179
chr13;99906967;99910840;GPR18;Class A;Class A Orphans;2;G protein-coupled receptor 18
chr12;57388354;57390468;GPR182;Class A;Class A Orphans;1;G protein-coupled receptor 182
chr13;99946789;99959749;GPR183;Class A;Class A Orphans;1;G protein-coupled receptor 183
chr12;12813994;12849121;GPR19;Class A;Class A Orphans;3;G protein-coupled receptor 19
chr8;142366588;142377365;GPR20;Class A;Class A Orphans;1;G protein-coupled receptor 20
chr9;125795787;125797894;GPR21;Class A;Class A Orphans;2;G protein-coupled receptor 21
chr7;107110501;107116123;GPR22;Class A;Class A Orphans;1;G protein-coupled receptor 22
chr1;200842165;200843251;GPR25;Class A;Class A Orphans;1;G protein-coupled receptor 25
chr10;125425870;125456911;GPR26;Class A;Class A Orphans;1;G protein-coupled receptor 26
chr3;71803200;71804327;GPR27;Class A;Class A Orphans;1;G protein-coupled receptor 27
chr1;27719151;27722315;GPR3;Class A;Class A Orphans;1;G protein-coupled receptor 3
chr6;167570360;167571319;GPR31;Class A;Class A Orphans;1;G protein-coupled receptor 31
chr19;51273857;51274927;GPR32;Class A;Class A Orphans;1;G protein-coupled receptor 32
;0;0;GPR33;Class A;Class A Orphans;0;
chrX;41548225;41556529;GPR34;Class A;Class A Orphans;4;G protein-coupled receptor 34
chr2;241544847;241570675;GPR35;Class A;Class A Orphans;3;G protein-coupled receptor 35
chr7;124386115;124405681;GPR37;Class A;Class A Orphans;1;G protein-coupled receptor 37 (endothelin receptor type B-like)
chr1;202092028;202098633;GPR37L1;Class A;Class A Orphans;1;G protein-coupled receptor 37 like 1
chr2;133174146;133404168;GPR39;Class A;Class A Orphans;1;G protein-coupled receptor 39
chr19;46093024;46105466;GPR4;Class A;Class A Orphans;1;G protein-coupled receptor 4
;0;0;GPR42;Class A;Class A Orphans;0;
chr11;60618397;60623444;GPR44;Class A;Prostanoid receptors;1;G protein-coupled receptor 44
chr2;105858199;105859924;GPR45;Class A;Class A Orphans;1;G protein-coupled receptor 45
chrX;150345058;150349930;GPR50;Class A;Class A Orphans;2;G protein-coupled receptor 50
chr1;174417211;174418683;GPR52;Class A;Class A Orphans;2;G protein-coupled receptor 52
chr2;231772033;231825691;GPR55;Class A;Class A Orphans;3;G protein-coupled receptor 55
chr16;57653649;57698944;GPR56;Class B;Class B Orphans;11;G protein-coupled receptor 56
chr6;110299508;110301921;GPR6;Class A;Class A Orphans;3;G protein-coupled receptor 6
chr1;110082493;110088455;GPR61;Class A;Class A Orphans;1;G protein-coupled receptor 61
chr3;51989329;51991519;GPR62;Class A;Class A Orphans;1;G protein-coupled receptor 62
chr6;97245888;97285353;GPR63;Class A;Class A Orphans;2;G protein-coupled receptor 63
chrX;19007426;19140677;GPR64;Class B;Class B Orphans;11;G protein-coupled receptor 64
chr14;88471495;88478414;GPR65;Class A;Class A Orphans;1;G protein-coupled receptor 65
chr14;91698876;91720224;GPR68;Class A;Class A Orphans;2;G protein-coupled receptor 68
chr2;54080049;54087170;GPR75;Class A;Class A Orphans;1;G protein-coupled receptor 75
chr19;47835403;47845272;GPR77;Class A;Anaphylatoxin receptors;2;G protein-coupled receptor 77
chr4;8582290;8621486;GPR78;Class A;Class A Orphans;2;G protein-coupled receptor 78
;0;0;GPR79;Class A;Class A Orphans;0;
;0;0;GPR81;Class A;Hydroxycarboxylic acid receptors;0;
chrX;41583407;41588317;GPR82;Class A;Class A Orphans;3;G protein-coupled receptor 82
chr11;94110476;94134585;GPR83;Class A;Class A Orphans;1;G protein-coupled receptor 83
chr12;54756230;54758258;GPR84;Class A;Class A Orphans;1;G protein-coupled receptor 84
chr7;112720467;112727833;GPR85;Class A;Class A Orphans;4;G protein-coupled receptor 85
chr3;151011875;151034636;GPR87;Class A;Class A Orphans;1;G protein-coupled receptor 87
chr1;101003727;101007582;GPR88;Class A;Class A Orphans;1;G protein-coupled receptor 88
chr16;57702156;57723288;GPR97;Class B;Class B Orphans;5;G protein-coupled receptor 97
chr5;89854616;90460032;GPR98;Class B;Class B Orphans;3;G protein-coupled receptor 98
chr12;13043955;13066598;GPRC5A;Class C;Class C Orphans;2;G protein-coupled receptor, family C, group 5, member A
chr16;19870294;19896832;GPRC5B;Class C;Class C Orphans;2;G protein-coupled receptor, family C, group 5, member B
chr17;72427666;72446719;GPRC5C;Class C;Class C Orphans;5;G protein-coupled receptor, family C, group 5, member C
chr12;13093710;13103318;GPRC5D;Class C;Class C Orphans;1;G protein-coupled receptor, family C, group 5, member D
chr6;117113247;117150198;GPRC6A;Class C;Calcium-sensing receptors;3;G protein-coupled receptor, family C, group 6, member A
chr6;146348781;146758731;GRM1;Class C;Metabotropic glutamate receptors;6;glutamate receptor, metabotropic 1
chr3;51741080;51752623;GRM2;Class C;Metabotropic glutamate receptors;3;glutamate receptor, metabotropic 2
chr7;86273229;86494191;GRM3;Class C;Metabotropic glutamate receptors;4;glutamate receptor, metabotropic 3
chr6;33989628;34113869;GRM4;Class C;Metabotropic glutamate receptors;9;glutamate receptor, metabotropic 4
chr11;88237744;88799113;GRM5;Class C;Metabotropic glutamate receptors;3;glutamate receptor, metabotropic 5
chr5;178405331;178422124;GRM6;Class C;Metabotropic glutamate receptors;1;glutamate receptor, metabotropic 6
chr3;6902801;7783218;GRM7;Class C;Metabotropic glutamate receptors;7;glutamate receptor, metabotropic 7
chr3;7340370;7724023;GRM7;Class C;Metabotropic glutamate receptors;2;glutamate receptor, metabotropic 7
chr7;126078651;126893147;GRM8;Class C;Metabotropic glutamate receptors;3;glutamate receptor, metabotropic 8
chrX;16141423;16171640;GRPR;Class A;Bombesin receptors;1;gastrin-releasing peptide receptor
chr1;32083300;32098117;HCRTR1;Class A;Orexin receptors;5;hypocretin (orexin) receptor 1
chr3;112641531;112693937;HCRTR2;Class A;Orexin receptors;1;hypocretin (orexin) receptor 2
chr6;55039070;55147416;HCRTR2;Class A;Orexin receptors;3;hypocretin (orexin) receptor 2
chr3;11178778;11304938;HRH1;Class A;Histamine receptors;4;histamine receptor H1
chr5;175085039;175113243;HRH2;Class A;Histamine receptors;2;histamine receptor H2
chr20;60790016;60795323;HRH3;Class A;Histamine receptors;4;histamine receptor H3
chr18;22040592;22059920;HRH4;Class A;Histamine receptors;3;histamine receptor H4
chr5;63256278;63257546;HTR1A;Class A;5-Hydroxytryptamine receptors;1;5-hydroxytryptamine (serotonin) receptor 1A
chr6;78171947;78173120;HTR1B;Class A;5-Hydroxytryptamine receptors;1;5-hydroxytryptamine (serotonin) receptor 1B
chr1;23518388;23521222;HTR1D;Class A;5-Hydroxytryptamine receptors;1;5-hydroxytryptamine (serotonin) receptor 1D
chr6;87647023;87726390;HTR1E;Class A;5-Hydroxytryptamine receptors;1;5-hydroxytryptamine (serotonin) receptor 1E
chr3;88031725;88042919;HTR1F;Class A;5-Hydroxytryptamine receptors;1;5-hydroxytryptamine (serotonin) receptor 1F
chr13;47407512;47471050;HTR2A;Class A;5-Hydroxytryptamine receptors;3;5-hydroxytryptamine (serotonin) receptor 2A
chr2;231972951;231989824;HTR2B;Class A;5-Hydroxytryptamine receptors;2;5-hydroxytryptamine (serotonin) receptor 2B
chrX;113818550;114144624;HTR2C;Class A;5-Hydroxytryptamine receptors;3;5-hydroxytryptamine (serotonin) receptor 2C
chr5;147830594;148442737;HTR4;Class A;5-Hydroxytryptamine receptors;15;5-hydroxytryptamine (serotonin) receptor 4
chr7;154862545;154877459;HTR5A;Class A;5-Hydroxytryptamine receptors;1;5-hydroxytryptamine (serotonin) receptor 5A
;0;0;HTR5B;Class A;5-Hydroxytryptamine receptors;0;
chr1;19991779;20006054;HTR6;Class A;5-Hydroxytryptamine receptors;1;5-hydroxytryptamine (serotonin) receptor 6
chr10;92500577;92617671;HTR7;Class A;5-Hydroxytryptamine receptors;3;5-hydroxytryptamine (serotonin) receptor 7 (adenylate cyclase-coupled)
chr19;917341;921014;KISS1R;Class A;Kisspeptin receptor;1;KISS1 receptor
chr11;27387509;27494334;LGR4;Class A;Class A Orphans;2;leucine-rich repeat containing G protein-coupled receptor 4
chr12;71833812;71980086;LGR5;Class A;Class A Orphans;3;leucine-rich repeat containing G protein-coupled receptor 5
chr1;202163117;202288888;LGR6;Class A;Class A Orphans;3;leucine-rich repeat containing G protein-coupled receptor 6
chr2;48913920;48982880;LHCGR;Class A;Glycoprotein hormone receptors;2;luteinizing hormone/choriogonadotropin receptor
chr9;113636055;113801526;LPAR1;Class A;Lysophospholipid receptors;7;lysophosphatidic acid receptor 1
chr19;19734467;19739739;LPAR2;Class A;Lysophospholipid receptors;3;lysophosphatidic acid receptor 2
chr1;85279085;85358896;LPAR3;Class A;Lysophospholipid receptors;2;lysophosphatidic acid receptor 3
chrX;78003205;78012576;LPAR4;Class A;Lysophospholipid receptors;1;lysophosphatidic acid receptor 4
chr12;6728000;6748203;LPAR5;Class A;Lysophospholipid receptors;3;lysophosphatidic acid receptor 5
chr13;48985183;49018840;LPAR6;Class A;Class A Orphans;3;lysophosphatidic acid receptor 6
chr19;14258550;14316997;LPHN1;Class B;Class B Orphans;2;latrophilin 1
chr1;82165454;82458106;LPHN2;Class B;Class B Orphans;6;latrophilin 2
chr4;62066973;62938167;LPHN3;Class B;Class B Orphans;5;latrophilin 3
chr14;24780704;24787061;LTB4R;Class A;Leukotriene receptors;3;leukotriene B4 receptor
chr14;24778160;24781259;LTB4R2;Class A;Leukotriene receptors;3;leukotriene B4 receptor 2
chr6;160327973;160329105;MAS1;Class A;Class A Orphans;1;MAS1 oncogene
chr6;29454544;29455679;MAS1L;Class A;Class A Orphans;1;MAS1 oncogene-like
chr16;89984286;89987384;MC1R;Class A;Melanocortin receptors;1;melanocortin 1 receptor (alpha melanocyte stimulating hormone receptor)
chr18;13882042;13915535;MC2R;Class A;Melanocortin receptors;1;melanocortin 2 receptor (adrenocorticotropic hormone)
chr20;54823787;54824871;MC3R;Class A;Melanocortin receptors;1;melanocortin 3 receptor
chr18;58038563;58040001;MC4R;Class A;Melanocortin receptors;1;melanocortin 4 receptor
chr18;13825764;13826740;MC5R;Class A;Melanocortin receptors;1;melanocortin 5 receptor
chr22;41075181;41078817;MCHR1;Class A;Melanin-concentrating hormone receptors;2;melanin-concentrating hormone receptor 1
chr6;100367785;100442114;MCHR2;Class A;Melanin-concentrating hormone receptors;2;melanin-concentrating hormone receptor 2
chr13;49794473;49796511;MLNR;Class A;Motilin receptor;1;motilin receptor
chr11;68747490;68748455;MRGPRD;Class A;Class A Orphans;1;MAS-related GPR, member D
chr11;3249041;3253616;MRGPRE;Class A;Class A Orphans;1;MAS-related GPR, member E
chr11;68771862;68780850;MRGPRF;Class A;Class A Orphans;2;MAS-related GPR, member F
;0;0;MRGPRG;Class A;Class A Orphans;0;
chr11;18955360;18956549;MRGPRX1;Class A;Class A Orphans;1;MAS-related GPR, member X1
chr11;19076004;19082228;MRGPRX2;Class A;Class A Orphans;1;MAS-related GPR, member X2
chr11;18142501;18160025;MRGPRX3;Class A;Class A Orphans;1;MAS-related GPR, member X3
chr11;18194383;18195827;MRGPRX4;Class A;Class A Orphans;1;MAS-related GPR, member X4
chr4;187454808;187476537;MTNR1A;Class A;Melatonin receptors;1;melatonin receptor 1A
chr11;92702788;92715948;MTNR1B;Class A;Melatonin receptors;1;melatonin receptor 1B
chr6;142396745;142409936;NMBR;Class A;Bombesin receptors;1;neuromedin B receptor
chr2;232387871;232395182;NMUR1;Class A;Neuromedin U receptors;1;neuromedin U receptor 1
chr5;151771101;151784840;NMUR2;Class A;Neuromedin U receptors;1;neuromedin U receptor 2
chr8;53852467;53853453;NPBWR1;Class A;Neuropeptide W/neuropeptide B receptors;1;neuropeptides B/W receptor 1
chr20;62737183;62738184;NPBWR2;Class A;Neuropeptide W/neuropeptide B receptors;1;neuropeptides B/W receptor 2
chr10;72014713;72026148;NPFFR1;Class A;Neuropeptide FF/neuropeptide AF receptors;1;neuropeptide FF receptor 1
chr4;72897520;73018748;NPFFR2;Class A;Neuropeptide FF/neuropeptide AF receptors;5;neuropeptide FF receptor 2
chr7;34697896;34917944;NPSR1;Class A;Neuropeptide S receptor;8;neuropeptide S receptor 1
chr4;164245116;164253748;NPY1R;Class A;Neuropeptide Y receptors;2;neuropeptide Y receptor Y1
chr4;156129780;156138226;NPY2R;Class A;Neuropeptide Y receptors;2;neuropeptide Y receptor Y2
chr4;164265090;164273084;NPY5R;Class A;Neuropeptide Y receptors;1;neuropeptide Y receptor Y5
chr5;137143461;137145414;NPY6R;Class A;Neuropeptide Y receptors;1;neuropeptide Y receptor Y6 (pseudogene)
chr20;61340188;61394122;NTSR1;Class A;Neurotensin receptors;1;neurotensin receptor 1 (high affinity)
chr2;11798304;11810329;NTSR2;Class A;Neurotensin receptors;1;neurotensin receptor 2
chr1;241756452;241803701;OPN3;Class A;Class A Orphans;3;opsin 3
chr6;47749797;47794114;OPN5;Class A;Class A Orphans;2;opsin 5
chr1;29138653;29190208;OPRD1;Class A;Opioid receptors;1;opioid receptor, delta 1
chr8;54138275;54164194;OPRK1;Class A;Opioid receptors;3;opioid receptor, kappa 1
chr20;62711487;62731991;OPRL1;Class A;Opioid receptors;3;opiate receptor-like 1
chr6;154331635;154568001;OPRM1;Class A;Opioid receptors;17;opioid receptor, mu 1
chr11;4665155;4676714;OR51E1;Other 7TM proteins;Other 7TM proteins;1;olfactory receptor, family 51, subfamily E, member 1
chr2;42989640;42991401;OXER1;Class A;Leukotriene receptors;1;oxoeicosanoid (OXE) receptor 1
chr13;97637972;97646604;OXGR1;Class A;Class A Orphans;2;oxoglutarate (alpha-ketoglutarate) receptor 1
chr3;8792096;8811300;OXTR;Class A;Vasopressin and oxytocin receptors;1;oxytocin receptor
chr3;152552735;152555841;P2RY1;Class A;P2Y receptors;1;purinergic receptor P2Y, G-protein coupled, 1
chrX;78200828;78217437;P2RY10;Class A;Class A Orphans;2;purinergic receptor P2Y, G-protein coupled, 10
chr19;10222196;10226062;P2RY11;Class A;P2Y receptors;1;purinergic receptor P2Y, G-protein coupled, 11
chr3;151055375;151102544;P2RY12;Class A;P2Y receptors;2;purinergic receptor P2Y, G-protein coupled, 12
chr3;151044095;151047337;P2RY13;Class A;P2Y receptors;1;purinergic receptor P2Y, G-protein coupled, 13
chr3;150929904;150996230;P2RY14;Class A;P2Y receptors;2;purinergic receptor P2Y, G-protein coupled, 14
chr11;72929343;72947393;P2RY2;Class A;P2Y receptors;3;purinergic receptor P2Y, G-protein coupled, 2
chrX;69478015;69479654;P2RY4;Class A;P2Y receptors;1;pyrimidinergic receptor P2Y, G-protein coupled, 4
chr11;72975569;73009656;P2RY6;Class A;P2Y receptors;7;pyrimidinergic receptor P2Y, G-protein coupled, 6
chrX;1581465;1656037;P2RY8;Class A;Class A Orphans;1;purinergic receptor P2Y, G-protein coupled, 8
chrY;1531465;1606037;P2RY8;Class A;Class A Orphans;1;purinergic receptor P2Y, G-protein coupled, 8
chr10;47083533;47088319;PPYR1;Class A;Neuropeptide Y receptors;2;pancreatic polypeptide receptor 1
chr10;120352915;120355160;PRLHR;Class A;Prolactin-releasing peptide receptor;1;prolactin releasing hormone receptor
chr2;68872793;68882706;PROKR1;Class A;Prokineticin receptors;1;prokineticin receptor 1
chr20;5282686;5297378;PROKR2;Class A;Prokineticin receptors;3;prokineticin receptor 2
chr1;28475863;28520447;PTAFR;Class A;Platelet-activating factor receptor;3;platelet-activating factor receptor
chr14;52734430;52743441;PTGDR;Class A;Prostanoid receptors;1;prostaglandin D2 receptor (DP)
chr19;14583278;14586174;PTGER1;Class A;Prostanoid receptors;1;prostaglandin E receptor 1 (subtype EP1), 42kDa
chr14;52781015;52795320;PTGER2;Class A;Prostanoid receptors;1;prostaglandin E receptor 2 (subtype EP2), 53kDa
chr1;71318035;71513491;PTGER3;Class A;Prostanoid receptors;14;prostaglandin E receptor 3 (subtype EP3)
chr5;40680031;40693835;PTGER4;Class A;Prostanoid receptors;1;prostaglandin E receptor 4 (subtype EP4)
chr1;78956727;79006385;PTGFR;Class A;Prostanoid receptors;2;prostaglandin F receptor (FP)
chr19;47123725;47128354;PTGIR;Class A;Prostanoid receptors;1;prostaglandin I2 (prostacyclin) receptor (IP)
chr3;46919235;46945286;PTH1R;Class B;Parathyroid hormone receptors;2;parathyroid hormone 1 receptor
chr2;209224568;209359224;PTH2R;Class B;Parathyroid hormone receptors;2;parathyroid hormone 2 receptor
chr4;122249796;122302181;QRFPR;Class A;Peptide P518 receptor;3;pyroglutamylated RFamide peptide receptor
chr4;159443046;159573262;RXFP1;Class A;Relaxin family peptide receptors;10;relaxin/insulin-like family peptide receptor 1
chr13;32313678;32377008;RXFP2;Class A;Relaxin family peptide receptors;2;relaxin/insulin-like family peptide receptor 2
chr5;33936490;33938342;RXFP3;Class A;Relaxin family peptide receptors;1;relaxin/insulin-like family peptide receptor 3
chr1;155911479;155912624;RXFP4;Class A;Relaxin family peptide receptors;1;relaxin/insulin-like family peptide receptor 4
chr1;101702304;101707076;S1PR1;Class A;Lysophospholipid receptors;2;sphingosine-1-phosphate receptor 1
chr19;10332108;10341948;S1PR2;Class A;Lysophospholipid receptors;1;sphingosine-1-phosphate receptor 2
chr9;91606361;91619924;S1PR3;Class A;Lysophospholipid receptors;1;sphingosine-1-phosphate receptor 3
chr19;3178765;3180329;S1PR4;Class A;Lysophospholipid receptors;1;sphingosine-1-phosphate receptor 4
chr19;10623622;10628607;S1PR5;Class A;Lysophospholipid receptors;2;sphingosine-1-phosphate receptor 5
chr2;120197420;120282028;SCTR;Class B;Glucagon receptor family;2;secretin receptor
chr7;128828712;128853383;SMO;Frizzled;Frizzled receptors;1;smoothened, frizzled family receptor
chr14;38677203;38682268;SSTR1;Class A;Somatostatin receptors;2;somatostatin receptor 1
chr17;71161159;71168060;SSTR2;Class A;Somatostatin receptors;1;somatostatin receptor 2
chr22;37602245;37608353;SSTR3;Class A;Somatostatin receptors;2;somatostatin receptor 3
chr20;23016056;23017314;SSTR4;Class A;Somatostatin receptors;1;somatostatin receptor 4
chr16;1128780;1130142;SSTR5;Class A;Somatostatin receptors;1;somatostatin receptor 5
chr3;151591436;151599650;SUCNR1;Class A;Class A Orphans;1;succinate receptor 1
chr6;132966122;132967142;TAAR1;Class A;Trace amine receptor;1;trace amine associated receptor 1
chr6;132938288;132945414;TAAR2;Class A;Class A Orphans;2;trace amine associated receptor 2
;0;0;TAAR3;Class A;Class A Orphans;0;
;0;0;TAAR4P;Class A;Class A Orphans;0;
chr6;132909730;132910877;TAAR5;Class A;Class A Orphans;1;trace amine associated receptor 5
chr6;132891460;132892496;TAAR6;Class A;Class A Orphans;1;trace amine associated receptor 6
chr6;132873831;132874858;TAAR8;Class A;Class A Orphans;1;trace amine associated receptor 8
chr6;132859426;132860473;TAAR9;Class A;Class A Orphans;1;trace amine associated receptor 9 (gene/pseudogene)
chr2;75273589;75426645;TACR1;Class A;Tachykinin receptors;2;tachykinin receptor 1
chr10;71163957;71176674;TACR2;Class A;Tachykinin receptors;2;tachykinin receptor 2
chr4;104510624;104640973;TACR3;Class A;Tachykinin receptors;1;tachykinin receptor 3
chr1;6615433;6639816;TAS1R1;Class C;Taste 1 receptors;4;taste receptor, type 1, member 1
chr1;19166092;19186155;TAS1R2;Class C;Taste 1 receptors;1;taste receptor, type 1, member 2
chr1;1266725;1269843;TAS1R3;Class C;Taste 1 receptors;1;taste receptor, type 1, member 3
chr19;3594503;3606658;TBXA2R;Class A;Prostanoid receptors;2;thromboxane A2 receptor
chr3;127291907;127309931;TPRA1;Other 7TM proteins;Other 7TM proteins;4;transmembrane protein, adipocyte asscociated 1
chr8;110099725;110131810;TRHR;Class A;Thyrotropin-releasing hormone receptor;1;thyrotropin-releasing hormone receptor
chr14;81421868;81612646;TSHR;Class A;Glycoprotein hormone receptors;4;thyroid stimulating hormone receptor
chr17;80332200;80333369;UTS2R;Class A;Urotensin receptor;1;urotensin 2 receptor
chr3;42544103;42579065;VIPR1;Class B;VIP and PACAP receptors;5;vasoactive intestinal peptide receptor 1
chr7;158820866;158937649;VIPR2;Class B;VIP and PACAP receptors;3;vasoactive intestinal peptide receptor 2
chr3;46062291;46068979;XCR1;Class A;Chemokine receptors;2;chemokine (C motif) receptor 1
