CHR;BP1;BP2;GENENAME;COND_GROUP;STUDY;TYPE;PMID;FAU;YEAR;EMAIL;ANCESTRY_ORIGIN;NPEDIGREES;NGENOTYPED;NAFFECTED;SIMULATION;AFFECTED;DEFINITION;COMMENT;MARKER;ENDMARKER;SCORETYPE;SCORESTAT;BUILD;CHRNUM;CHROMSTART;CHROMEND;PVAL
chr1;7607520;17783757;;SCZ;GWL;Primary;17044102;Escamilla;2007;;Mexico, Cent. Am.;99;459;217;Yes;SCZ,SA;DSM-IV;;D1S508;D1S3669;NPL;2.95;;0;0.0;0.0;3.700000000000001E-4
chr1;8118042;0;;SCZ;GWL;Primary;14750073;Abecasis;2004;;Afrikaner;34;0;62;Yes;SCZ,SA-depr;DSM-IV;;D1S1612;;NPL;2.28;;0;0.0;0.0;0.072
chr1;9585605;0;;MDD;GWL;Primary;16203746;McGuffin;2005;;EUR,US;417;929;891;No;rMDD;DSM-IV;DeNT, Europe+US;D1S450;;LOD;1.9;;0;0.0;0.0;0.0
chr1;30311084;0;;SCZ;GWL;Primary;9674973;Faraone;1998;;EUR;43;146;96;No;SCZ,SA-depr;DSM-III-R;Markers in 9674971;D1S1622;;NPL;1.52;;0;0.0;0.0;0.07000000000000002
chr1;30311084;0;;SCZ;GWL;Primary;14699422;Sklar;2004;;Portugal;29;185;67;Yes;SCZ,SA;DSM-IV;;D1S1622;;NPL;2.1200000000000006;;0;0.0;0.0;0.018
chr1;30311084;0;;SCZ;GWL;Primary;12140777;Straub_b;2002;;Ireland;90;488;190;No;SCZ,SA,SS;DSM-III-R;;D1S1622;;LOD_PEN;2.75;;0;0.0;0.0;0.0
chr1;37649805;46933630;;ND;GWL;Primary;17436240;Saccone;2007;;EUR;443;1823;0;Y;;Maximum cigs in 24 hours.;Australian / Finnish;D1S255;D1S2797;NPL_MP;1.8400000000000003;;0;0.0;0.0;0.0
chr1;41726606;0;;ED;GWL;Primary;11799475;Grice;2002;;EUR;192;425;425;No;AN;DSM-IV;;D1S3721;;NPL;3.03;;0;0.0;0.0;0.001
chr1;46933630;0;;SCZ;GWL;Primary;12929083;Fallin;2003;;Ashkenazi;29;105;59;Yes;SCZ,SA;DSM-IV;;D1S2797;;NPL;2.45;;0;0.0;0.0;0.007000000000000002
chr1;48281387;0;;MDD;GWL;Primary;15760772;Camp;2005;;US;90;0;426;No;reMDD;DSM-IV;;D1S2134;;LOD_REC;1.71;;0;0.0;0.0;0.0
chr1;57299999;84600000;;SCZ;GWL;MetaAnal;19349958;Ng;2009;;Multiple;3255;0;7413;Yes;SCZ,SA;Multiple;;;;GSMA;2.96;hg18;1;5.72999999999999E7;8.460000000000001E7;0.026920000000000003
chr1;57873606;0;;MDD;GWL;Primary;15351774;Nash;2004;;UK;283;711;0;Yes;N;;EDAC;D1S2890;;LOD;1.6;;0;0.0;0.0;0.0
chr1;61282089;0;;BIP;GWL;Primary;16652356;Service;2006;;CostaRica;1;82;25;No;BPI;DSM-III-R;Isolate;rs1877734;;LOD;2.3095;;0;0.0;0.0;0.0
chr1;81998677;0;;SCZ;GWL;Primary;11751686;Paunio_b;2001;;Finland;53;389;117;Yes;SCZ,SA;DSM-IV;Supercedes Hovatta;D1S1728;;LOD;2.4;;0;0.0;0.0;0.0
chr1;82895319;0;;SCZ;GWL;Primary;17012687;Faraone;2006;;China;557;2242;1207;Yes;SCZ;DSM-IV;;D1S551;;NPL;2.08;;0;0.0;0.0;0.02
chr1;93335642;0;;MDD;GWL;Primary;12612864;Fullerton;2003;;UK;561;1122;0;Yes;N;;EDAC;D1S2868;;VC;3.25;;0;0.0;0.0;1.1E-4
chr1;102285489;112206391;;SCZ;GWL;Primary;16380906;Arinami;2005;;Japanese;236;602;488;Yes;SCZ,SA;DSM-IV;Supercedes JSSLG 2003;rs1445225;rs575208;LOD;3.39;;0;0.0;0.0;4.0E-5
chr1;105660715;0;;AUT;GWL;Primary;10417292;Risch;1999;;US;90;374;187;No;AUT;DSM-IV;;D1S1631;;Z;2.57;;0;0.0;0.0;5.817141865813722E-4
chr1;105660715;0;;SCZ;GWL;Primary;10784452;Brzustowicz;2000;;Canada;22;288;79;Yes;SCZ,SA;DSM-III-R;;D1S1631;;LOD_REC;2.19;;0;0.0;0.0;0.0
chr1;106281575;0;;MDD;GWL;Primary;15389754;Neale;2005;;NZ;129;343;0;Yes;N;;ND secondary analysis;GATA133A08;;VC;1.9099999999999997;;0;0.0;0.0;0.003
chr1;107654711;0;;SCZ;GWL;Primary;10784452;Brzustowicz;2000;;Canada;22;288;79;Yes;SCZ,SA;DSM-III-R;;D1S3723;;LOD_REC;2.3900000000000006;;0;0.0;0.0;0.0
chr1;114600000;162099999;;SCZ;GWL;MetaAnal;19349958;Ng;2009;;Multiple;3255;0;7413;Yes;SCZ,SA;Multiple;;;;GSMA;3.45;hg18;1;1.1460000000000001E8;1.620999999999999E8;0.00814
chr1;119678412;0;;SCZ;GWL;Primary;10784452;Brzustowicz;2000;;Canada;22;288;79;Yes;SCZ,SA;DSM-III-R;;D1S534;;LOD_REC;2.9;;0;0.0;0.0;0.0
chr1;157932832;0;;SCZ;GWL;Primary;10784452;Brzustowicz;2000;;Canada;22;288;79;Yes;SCZ,SA;DSM-III-R;;D1S1653;;LOD_REC;3.52;;0;0.0;0.0;0.0
chr1;160767509;0;;BIP;GWL;Primary;15208783;Fallin;2004;;Ashkenazi;22;175;52;Yes;BPI;DSM-IV;;D1S484;;NPL;1.8670000000000004;;0;0.0;0.0;0.03239999999999999
chr1;160767509;0;;BIP;GWL;MetaAnal;16175504;McQueen_a;2005;;Multiple;1067;5179;2251;Yes;BPI;Multiple;Re-analysis of individual studies;D1S484;;LOD;1.8;;0;0.0;0.0;0.0
chr1;162361919;0;;SCZ;GWL;Primary;10784452;Brzustowicz;2000;;Canada;22;288;79;Yes;SCZ,SA;DSM-III-R;;D1S1679;;LOD_REC;5.79;;0;0.0;0.0;2.0E-4
chr1;163559870;0;;SCZ;GWL;Primary;10784452;Brzustowicz;2000;;Canada;22;288;79;Yes;SCZ,SA;DSM-III-R;;D1S1677;;LOD_REC;2.26;;0;0.0;0.0;0.0
chr1;167604296;0;;SCZ;GWL;Primary;11179014;Gurling;2001;;Iceland, UK;13;182;56;No;SCZ,SA,UFP;DSM-III-R;;D1S196;;LOD_REC;2.9;;0;0.0;0.0;5.999999999999998E-4
chr1;187550357;0;;SCZ;GWL;Primary;11705708;Garver;2001;;EUR, Afr-Am;30;263;66;No;SCZ;DSM-IV;;D1S518;;NPL;1.56;;0;0.0;0.0;0.02900000000000001
chr10;280905;0;;SCZ;GWL;Primary;11986135;DeLisi_b;2002;;EUR;294;0;627;No;SCZ,SA;DSM-III-R;;D10S249;;LOD;3.55;;0;0.0;0.0;0.0
chr10;4409347;0;;AUT;GWL;Primary;16880825;Schellenberg;2006;;US;169;966;399;Yes;AUT,NQA;ADI-R;U Washington;D10S591;;NPL;1.9099999999999997;;0;0.0;0.0;0.003
chr10;4409347;0;;MDD;GWL;Primary;15760772;Camp;2005;;US;90;0;426;No;reMDD;DSM-IV;;D10S591;;LOD_REC;1.56;;0;0.0;0.0;0.0
chr10;6722064;0;;SCZ;GWL;Primary;11986135;DeLisi_b;2002;;EUR;294;0;627;No;SCZ,SA;DSM-III-R;;D10S189;;LOD;3.6;;0;0.0;0.0;0.0
chr10;6722064;0;;SCZ;GWL;Primary;9674973;Faraone;1998;;EUR;43;146;96;No;SCZ,SA-depr;DSM-III-R;Markers in 9674971;D10S189;;NPL;2.07;;0;0.0;0.0;0.02
chr10;6722064;35257773;;ED;GWL;Primary;12476400;Bulik;2003;;EUR;308;639;520;Yes;BN;DSM-IV;;D10S189;D10S1208;LOD;2.92;;0;0.0;0.0;2.4E-4
chr10;9022018;0;;BIP;GWL;Primary;16652356;Service;2006;;CostaRica;1;82;25;No;BPI;DSM-III-R;Isolate;rs827626;;LOD;1.5748999999999995;;0;0.0;0.0;0.0
chr10;9263905;0;;MDD;GWL;Primary;18519823;Wray;2008;;AUS,NL;2509;8552;0;Yes;N;;EDAC;D10S1412;;LOD;1.8;;0;0.0;0.0;0.0
chr10;9263905;0;;SCZ;GWL;Primary;9674973;Faraone;1998;;EUR;43;146;96;No;SCZ,SA-depr;DSM-III-R;Markers in 9674971;D10S1412;;NPL;2.35;;0;0.0;0.0;0.01
chr10;9263905;12737008;;ND;GWL;Primary;15170444;Vink;2004;;NL;0;0;0;;;Smoking initiation, cigs/day;Population (NL Twins);D10S1412;D10S1430;LOD;2.29;;0;0.0;0.0;0.0
chr10;9420131;14304043;;AUT;GWL;Primary;18179894;Arking;2008;;US;72;292;148;No;AUT;ADI-R;;D10S1649;D10S1664;LOD;2.9;;0;0.0;0.0;0.0
chr10;10550590;0;;SCZ;GWL;Primary;11986135;DeLisi_b;2002;;EUR;294;0;627;No;SCZ,SA;DSM-III-R;;D10S547;;LOD;1.92;;0;0.0;0.0;0.0
chr10;12793095;0;;SCZ;GWL;Primary;9674973;Faraone;1998;;EUR;43;146;96;No;SCZ,SA-depr;DSM-III-R;Markers in 9674971;D10S2325;;NPL;2.54;;0;0.0;0.0;0.006
chr10;16519289;23745862;;SCZ;GWL;Primary;11126394;Schwab;2000;;EUR;71;438;171;No;SCZ,SA;RDC;;D10S674;D10S1789;LOD;3.13;;0;0.0;0.0;0.0
chr10;19438011;0;;BIP;GWL;Primary;9184304;NIMH1;1997;;US;97;540;264;No;BPI,SA-bip;DSM-III-R;NIMH1, 5 papers (9184304 9184308 9184307 9184306 9184305);D10S1423;;LOD;2.04;;0;0.0;0.0;0.0
chr10;19438011;0;;SCZ;GWL;Primary;9674973;Faraone;1998;;EUR;43;146;96;No;SCZ,SA-depr;DSM-III-R;Markers in 9674971;D10S1423;;NPL;3.36;;0;0.0;0.0;4.0E-4
chr10;24482814;0;;SCZ;GWL;Primary;9674973;Faraone;1998;;EUR;43;146;96;No;SCZ,SA-depr;DSM-III-R;Markers in 9674971;D10S582;;NPL;3.2400000000000007;;0;0.0;0.0;5.999999999999998E-4
chr10;27636275;0;;SCZ;GWL;Primary;12140777;Straub_a;2002;;Ireland;90;478;193;No;SCZ,SA,SS;DSM-III-R;;D10S1215;;LOD_PEN;1.73;;0;0.0;0.0;0.0
chr10;30495831;0;;SCZ;GWL;Primary;9674973;Faraone;1998;;EUR;43;146;96;No;SCZ,SA-depr;DSM-III-R;Markers in 9674971;D10S1426;;NPL;1.95;;0;0.0;0.0;0.03
chr10;31664061;0;;SCZ;GWL;Primary;12140777;Straub_a;2002;;Ireland;90;478;193;No;SCZ,SA,SS;DSM-III-R;;D10S183;;LOD_REC;1.83;;0;0.0;0.0;0.0
chr10;44836915;0;;SCZ;GWL;Primary;9674973;Faraone;1998;;EUR;43;146;96;No;SCZ,SA-depr;DSM-III-R;Markers in 9674971;D10S604;;NPL;2.79;;0;0.0;0.0;0.003
chr10;52678663;0;;SCZ;GWL;Primary;9674973;Faraone;1998;;EUR;43;146;96;No;SCZ,SA-depr;DSM-III-R;Markers in 9674971;D10S1220;;NPL;2.65;;0;0.0;0.0;0.004
chr10;64755143;0;;SCZ;GWL;Primary;9674973;Faraone;1998;;EUR;43;146;96;No;SCZ,SA-depr;DSM-III-R;Markers in 9674971;D10S1225;;NPL;2.24;;0;0.0;0.0;0.01
chr10;75405872;0;;BIP;GWL;Primary;9184304;NIMH1;1997;;US;97;540;264;No;BPI,SA-bip;DSM-III-R;NIMH1, 5 papers (9184304 9184308 9184307 9184306 9184305);D10S188;;LOD;3.41;;0;0.0;0.0;0.0
chr10;80712166;0;;SCZ;GWL;Primary;17012687;Faraone;2006;;China;557;2242;1207;Yes;SCZ;DSM-IV;;D10S2327;;NPL;2.88;;0;0.0;0.0;0.002
chr10;85566443;0;;SCZ;GWL;Primary;12929083;Fallin;2003;;Ashkenazi;29;105;59;Yes;SCZ,SA;DSM-IV;;D10S1686;;NPL;3.35;;0;0.0;0.0;4.2000000000000007E-4
chr10;118653148;0;;SCZ;GWL;Primary;12808429;Lerer;2003;;Arab Israeli;59;155;59;Yes;SCZ,SA-depr;DSM-IV;;D10S187;;NPL;2.66;;0;0.0;0.0;0.004
chr10;123100000;135099999;;SCZ;GWL;MetaAnal;19349958;Ng;2009;;Multiple;3255;0;7413;Yes;SCZ,SA;Multiple;;;;GSMA;2.85;hg18;10;1.2310000000000088E8;1.3509999999999952E8;0.034870000000000005
chr10;126101931;0;;ND;GWL;Primary;17579606;Li;2007;;EUR;200;629;515;Y;;FTND, HSI, SQ;Mid-South Tobacco Family Cohort;D10S1656;;MP;2.46;;0;0.0;0.0;0.0
chr10;129260975;0;;BIP;GWL;Primary;11149935;Kelsoe;2001;;US,Canada;20;164;48;No;BPI,BPII,SA-bip;DSM-III-R;;D10S1223;;LOD;2.27;;0;0.0;0.0;0.0
chr10;129260975;0;;BIP;GWL;Primary;12660801;McInnis;2003;;US;65;562;237;Yes;BPI,BPII,SA-bip;RDC;245 markers in all pedigrees;D10S1223;;LOD;2.1200000000000006;;0;0.0;0.0;0.02
chr10;129540351;0;;BIP;GWL;Primary;11149935;Kelsoe;2001;;US,Canada;20;164;48;No;BPI,BPII,SA-bip;DSM-III-R;;D10S217;;LOD;1.74;;0;0.0;0.0;0.0
chr10;129540351;0;;SCZ;GWL;Primary;14628288;Williams;2003;;UK, Sweden, US;272;872;482;Yes;SCZ,SA;DSM-IV;Supercedes Williams 1999, additional results from M O'Donovan;D10S217;;NPL;4.4844;;0;0.0;0.0;0.0
chr10;130774784;0;;SCZ;GWL;Primary;14628288;Williams;2003;;UK, Sweden, US;272;872;482;Yes;SCZ,SA;DSM-IV;Supercedes Williams 1999, additional results from M O'Donovan;D10S1134;;NPL;3.87;;0;0.0;0.0;0.0
chr10;132521613;0;;BIP;GWL;Primary;12660806;Liu;2003;;Israel,US;40;373;119;Yes;BPI;RDC;;D10S169;;LOD_DOM;2.79;;0;0.0;0.0;0.0
chr10;132692709;0;;SCZ;GWL;Primary;14628288;Williams;2003;;UK, Sweden, US;272;872;482;Yes;SCZ,SA;DSM-IV;Supercedes Williams 1999, additional results from M O'Donovan;D10S1651;;NPL;2.4334;;0;0.0;0.0;0.0
chr11;1566857;0;;MDD;GWL;Primary;14582139;Zubenko;2003;;US;81;520;270;Yes;reMDD;DSM-IV;Independent, see Holmans p1163;D11S1984;;LOD;4.2;;0;0.0;0.0;1.0E-4
chr11;1963736;0;;ND;GWL;Primary;15211640;Gelernter;2004;;EUR;12;142;69;Y;;>=1 pack/day >1 year or 0.5 pack/day >=10 years;Ascertained via panic disorder;D11S4046;;NPL_MP;3.4300000000000006;;0;0.0;0.0;2.999999999999999E-4
chr11;2327327;4736049;;ADHD;GWL;Primary;18081027;Faraone;2008;;US;271;1170;601;Yes;ADHD;DSM-IV;IMAGE, marker data from Faraone;D11S1318;D11S1758;LOD;1.6;;0;0.0;0.0;0.003
chr11;4912284;17086213;;ND;GWL;Primary;17579606;Li;2007;;EUR;200;629;515;Y;;FTND, HSI, SQ;Mid-South Tobacco Family Cohort;D11S2362;D11S1981;MP;2.3700000000000006;;0;0.0;0.0;9.66E-4
chr11;4912284;123626702;;AUT;GWL;Primary;17403980;Duvall;2007;;US;121;0;0;No;BAP;;Social responsiveness as subphenotype;D11S2362;D11S4464;Z;1.5;;0;0.0;0.0;0.008503388774212084
chr11;10720099;96849641;;AUT;GWL;Primary;17403980;Duvall;2007;;US;121;0;0;No;BAP;;Social responsiveness as subphenotype;D11S1999;D11S1366;Z;2.24;;0;0.0;0.0;0.0013035366746996235
chr11;18581529;36493510;;AUT;GWL;MetaAnal;16189507;Trikalinos;2005;;Multiple;721;0;0;Yes;AUT;Multiple;HEGESMA;D11S4096;D11S4083;HEGESMA;2.97;;0;0.0;0.0;0.0259
chr11;22418570;0;;AUT;GWL;Primary;17322880;AGPC;2007;;US;1181;1496;0;No;AUT, NQA;ADI-R;Narrow & broad diagnosis, & exlusions of families with CNVs;rs726859;;ZLR;3.96;;0;0.0;0.0;0.0
chr11;35230605;0;;AUT;GWL;Primary;17322880;AGPC;2007;;US;1181;1496;0;No;AUT, NQA;ADI-R;Narrow & broad diagnosis, & exlusions of families with CNVs;rs2421826;;ZLR;3.5699999999999994;;0;0.0;0.0;0.0
chr11;36206672;0;;AUT;GWL;Primary;17322880;AGPC;2007;;US;1181;1496;0;No;AUT, NQA;ADI-R;Narrow & broad diagnosis, & exlusions of families with CNVs;rs1358054;;ZLR;4.030000000000001;;0;0.0;0.0;0.0
chr11;36711834;0;;AUT;GWL;Primary;17322880;AGPC;2007;;US;1181;1496;0;No;AUT, NQA;ADI-R;Narrow & broad diagnosis, & exlusions of families with CNVs;rs1039205;;ZLR;3.95;;0;0.0;0.0;0.0
chr11;46167043;0;;ND;GWL;Primary;14975172;Li;2006;;Afr-Am;402;1261;1013;Y;;FTND, HSI, SQ;Mid-South Tobacco Family Cohort;D11S1344;;LOD_MP;2.31;;0;0.0;0.0;0.0
chr11;67893395;0;;BIP;GWL;Primary;15108176;Pato;2004;;Portugal;16;102;47;Yes;BPI,SA-bip;DSM-IV;;D11S987;;NPL;2.58;;0;0.0;0.0;0.007000000000000002
chr11;73505223;0;;SCZ;GWL;Primary;10784452;Brzustowicz;2000;;Canada;22;288;79;Yes;SCZ,SA;DSM-III-R;;D11S2371;;LOD_DOM;1.8400000000000003;;0;0.0;0.0;0.0
chr11;73505223;0;;SCZ;GWL;Primary;16400611;Suarez;2006;;EUR, Afr-Am;409;1380;924;Yes;SCZ,SA;DSM-IV;;D11S2371;;LOD;1.6302546261684268;;0;0.0;0.0;0.0
chr11;79965522;0;;MDD;GWL;Primary;14582139;Zubenko;2003;;US;81;520;270;Yes;reMDD;DSM-IV;Independent, see Holmans p1163;D11S2002;;LOD;2.51;;0;0.0;0.0;1.0E-4
chr11;84672699;0;;ND;GWL;Primary;14679582;Bierut;2004;;Multiple;105;970;308;N;;>=1 pack/day for >=6 months;Ascertained via alc dep (COGA);D11S1354;;NPL_MP;1.64;;0;0.0;0.0;0.0
chr11;101056598;0;;MDD;GWL;Primary;12612864;Fullerton;2003;;UK;561;1122;0;Yes;N;;EDAC;D11S898;;VC;3.0;;0;0.0;0.0;2.0E-4
chr11;117697880;0;;ADHD;GWL;Primary;15497111;Arcos-Burgos;2004;;Columbia;16;352;126;No;ADHD;DSM-IV;Isolate;D11S1998;;NPL;4.0;;0;0.0;0.0;0.0
chr11;117697880;0;;SCZ;GWL;Primary;17012687;Faraone;2006;;China;557;2242;1207;Yes;SCZ;DSM-IV;;D11S1998;;NPL;1.69;;0;0.0;0.0;0.05
chr11;117697880;122297952;;ND;GWL;Primary;16365831;Morley;2005;;Australian;1587;5160;0;;;Ever/never, cig consumption;Population (OZ twins);D11S1998;D11S1345;VC;1.8;;0;0.0;0.0;0.00399
chr11;123626702;0;;SCZ;GWL;Primary;9674973;Faraone;1998;;EUR;43;146;96;No;SCZ,SA-depr;DSM-III-R;Markers in 9674971;D11S4464;;NPL;1.54;;0;0.0;0.0;0.06
chr12;3587426;0;;ND;GWL;Primary;17579606;Li;2007;;EUR;200;629;515;Y;;FTND, HSI, SQ;Mid-South Tobacco Family Cohort;D12S372;;MP;2.49;;0;0.0;0.0;0.0
chr12;13833471;0;;BIP;GWL;Primary;15208783;Fallin;2004;;Ashkenazi;22;175;52;Yes;BPI;DSM-IV;;D12S364;;NPL;1.739;;0;0.0;0.0;0.0427
chr12;13833471;18973708;;ND;GWL;Primary;17436240;Saccone;2007;;EUR;443;1823;0;Y;;Maximum cigs in 24 hours.;Australian / Finnish;D12S364;D12S310;NPL_MP;1.51;;0;0.0;0.0;0.0
chr12;27647464;0;;MDD;GWL;Primary;15389754;Neale;2005;;NZ;129;343;0;Yes;N;;ND secondary analysis;D12S1042;;VC;2.22;;0;0.0;0.0;0.0014000000000000002
chr12;27647464;0;;SCZ;GWL;Primary;9674973;Faraone;1998;;EUR;43;146;96;No;SCZ,SA-depr;DSM-III-R;Markers in 9674971;D12S1042;;NPL;1.58;;0;0.0;0.0;0.06
chr12;60889535;0;;ND;GWL;Primary;18023296;Sullivan;2007;;Ireland;470;1289;798;Y;;FTND;Ascertained via alc dep (IRETOH);D12S83;;NPL_MP;1.53;;0;0.0;0.0;0.0
chr12;65291294;0;;AUT;GWL;Primary;17179998;Ma;2007;;;27;184;65;Yes;AUT;DSM-IV;Multi-generational pedigrees;rs1445442;;LOD;3.2;;0;0.0;0.0;0.0
chr12;70148079;0;;SCZ;GWL;Primary;11179014;Gurling;2001;;Iceland, UK;13;182;56;No;SCZ,SA,UFP;DSM-III-R;;D12S43;;LOD;2.0;;0;0.0;0.0;0.005
chr12;77973971;0;;BIP;GWL;Primary;15494705;Shink;2005;;Canada;20;394;105;Yes;BPI,BPII,SA-bip;DSM-III-R;Founder pop, response to lithium;D12S326;;LOD;1.65;;0;0.0;0.0;0.010999999999999998
chr12;98501072;0;;SCZ;GWL;Primary;17012687;Faraone;2006;;China;557;2242;1207;Yes;SCZ;DSM-IV;;D12S1300;;NPL;1.85;;0;0.0;0.0;0.03
chr12;99528426;0;;MDD;GWL;Primary;12612864;Fullerton;2003;;UK;561;1122;0;Yes;N;;EDAC;D12S346;;VC;3.95;;0;0.0;0.0;2.0E-5
chr12;103283278;0;;SCZ;GWL;Primary;10784452;Brzustowicz;2000;;Canada;22;288;79;Yes;SCZ,SA;DSM-III-R;;PAH;;LOD_DOM;2.6;;0;0.0;0.0;0.0
chr12;107638703;0;;MDD;GWL;Primary;16203746;McGuffin;2005;;EUR,US;417;929;891;No;rMDD;DSM-IV;DeNT, Europe+US;D12S1613;;LOD;1.57;;0;0.0;0.0;0.0
chr12;116060564;0;;SCZ;GWL;Primary;11986135;DeLisi_b;2002;;EUR;294;0;627;No;SCZ,SA;DSM-III-R;;D12S79;;LOD;2.1099999999999994;;0;0.0;0.0;0.0
chr12;116060564;0;;SCZ;GWL;Primary;12929083;Fallin;2003;;Ashkenazi;29;105;59;Yes;SCZ,SA;DSM-IV;;D12S79;;NPL;1.89;;0;0.0;0.0;0.03
chr12;126625252;0;;SCZ;GWL;Primary;11986135;DeLisi_b;2002;;EUR;294;0;627;No;SCZ,SA;DSM-III-R;;D12S324;;LOD;2.1;;0;0.0;0.0;0.0
chr12;127961297;0;;BIP;GWL;Primary;17455214;Cassidy;2007;;Ireland;32;134;82;No;BPI;DSM-IV;;D12S2078;;NPL;2.20186;;0;0.0;0.0;0.014663000000000004
chr12;131227434;0;;ADHD;GWL;Primary;16222334;Hebebrand;2006;;German;102;425;229;Yes;ADHD;DSM-IV;;D12S392;;LOD;2.1;;0;0.0;0.0;0.0
chr12;133318807;0;;MDD;GWL;Primary;17427203;Kuo;2007;;Ireland;486;1022;0;Yes;N;;Alc dep secondary analysis;D12S1638;;LOD;2.1299999999999994;;0;0.0;0.0;6.5E-4
chr13;20848557;0;;BIP;GWL;Primary;11741836;Cichon;2001;;German,Israel,Italy;75;445;128;No;BPI;RDC;;D13S175;;LOD_DOM;2.337;;0;0.0;0.0;0.0
chr13;29371973;30594562;;AUT;GWL;Primary;10581478;Barrett;1999;;Multiple;75;298;152;No;AUT;ADI-R;CLSA;D13S217;D13S1299;LOD_REC;2.3;;0;0.0;0.0;0.019
chr13;33254066;0;;SCZ;GWL;Primary;12874606;Wijsman;2003;;Micronesia;9;174;30;No;SCZ,SA;DSM-IV;;D13S171;;LOD_DOM;1.6299999999999997;;0;0.0;0.0;0.0
chr13;34008974;38738590;;ED;GWL;Primary;11912184;Devlin;2002;;EUR;176;425;425;No;AN;DSM-IV;Re-analysis of 11799475;D13S1493;D13S894;LOD;2.5;;0;0.0;0.0;3.500000000000001E-4
chr13;43173410;51892785;;ND;GWL;Primary;14975172;Li;2006;;Afr-Am;402;1261;1013;Y;;FTND, HSI, SQ;Mid-South Tobacco Family Cohort;D13S325;D13S788;MP;3.16;;0;0.0;0.0;1.35E-4
chr13;48890871;0;;MDD;GWL;Primary;12612864;Fullerton;2003;;UK;561;1122;0;Yes;N;;EDAC;D13S153;;VC;3.12;;0;0.0;0.0;1.4999999999999996E-4
chr13;73874844;0;;AUT;GWL;Primary;10581478;Barrett;1999;;Multiple;75;298;152;No;AUT;ADI-R;CLSA;D13S800;;LOD_REC;3.0;;0;0.0;0.0;0.008
chr13;98860192;0;;BIP;GWL;Primary;11149935;Kelsoe;2001;;US,Canada;20;164;48;No;BPI,BPII,SA-bip;DSM-III-R;;D13S128;;LOD;1.56;;0;0.0;0.0;0.0
chr13;99868429;101504126;;BIP;GWL;Primary;10318931;Detera-Wadleigh;1999;;;22;396;117;No;BPI,BPII,SA-bip;DSM-III-R;;D13S1271;D13S779;LOD;3.4;;0;0.0;0.0;3.9E-5
chr13;101168953;0;;BIP;GWL;Primary;11149935;Kelsoe;2001;;US,Canada;20;164;48;No;BPI,BPII,SA-bip;DSM-III-R;;D13S1240;;LOD;1.61;;0;0.0;0.0;0.0
chr13;101504126;0;;AUT;GWL;Primary;10417292;Risch;1999;;US;90;374;187;No;AUT;DSM-IV;;D13S779;;Z;1.57;;0;0.0;0.0;0.007145201904799502
chr13;101546498;0;;BIP;GWL;Primary;11149935;Kelsoe;2001;;US,Canada;20;164;48;No;BPI,BPII,SA-bip;DSM-III-R;;D13S225;;LOD;2.22;;0;0.0;0.0;0.0
chr13;102954215;0;;SCZ;GWL;Primary;9731535;Blouin;1998;;EUR, Afr-Am;54;363;146;No;SCZ,SA;DSM-IV;;D13S174;;NPL;4.18;;0;0.0;0.0;2.0E-5
chr13;107888998;0;;ADHD;GWL;Primary;12679898;Bakker;2003;;Dutch;75;348;199;No;ADHD;DSM-IV;;D13S796;;NPL;1.9099999999999997;;0;0.0;0.0;0.0
chr13;109328642;0;;SCZ;GWL;Primary;14750073;Abecasis;2004;;Afrikaner;34;0;62;Yes;SCZ,SA-depr;DSM-IV;;D13S1265;;NPL;1.8799999999999997;;0;0.0;0.0;0.0
chr13;112795472;0;;SCZ;GWL;Primary;14750073;Abecasis;2004;;Afrikaner;34;0;62;Yes;SCZ,SA-depr;DSM-IV;;D13S285;;NPL;1.98;;0;0.0;0.0;0.06
chr14;20347211;35871217;;SCZ;GWL;Primary;16380906;Arinami;2005;;Japanese;236;602;488;Yes;SCZ,SA;DSM-IV;Supercedes JSSLG 2003;rs1319956;rs8904;LOD;2.87;;0;0.0;0.0;1.0E-4
chr14;20840546;0;;BIP;GWL;Primary;11741836;Cichon;2001;;German,Israel,Italy;75;445;128;No;BPI;RDC;;D14S261;;LOD_REC;1.5009999999999997;;0;0.0;0.0;0.0
chr14;20840546;0;;SCZ;GWL;Primary;11986135;DeLisi_b;2002;;EUR;294;0;627;No;SCZ,SA;DSM-III-R;;D14S261;;LOD;1.8700000000000003;;0;0.0;0.0;0.0
chr14;25203742;25912095;;ADHD;GWL;Primary;18301393;Romanos;2008;;German;8;191;72;No;ADHD;DSM-IV;Densely affected;rs10483286;rs9323659;NPL;2.07;;0;0.0;0.0;0.0
chr14;32534561;0;;AUT;GWL;Primary;12192642;Auranen;2002;;Finland;12;0;33;No;AUT;DSM-IV;;D14S297;;LOD;1.53;;0;0.0;0.0;0.0
chr14;34459320;0;;ND;GWL;Primary;15211640;Gelernter;2004;;EUR;12;142;69;Y;;>=1 pack/day >1 year or 0.5 pack/day >=10 years;Ascertained via panic disorder;D14S70;;NPL_MP;2.68;;0;0.0;0.0;0.0037000000000000006
chr14;34459320;0;;SCZ;GWL;Primary;12808429;Lerer;2003;;Arab Israeli;59;155;59;Yes;SCZ,SA-depr;DSM-IV;;D14S70;;NPL;2.06;;0;0.0;0.0;0.02
chr14;34653814;0;;BIP;GWL;MetaAnal;16175504;McQueen_a;2005;;Multiple;1067;5179;2251;Yes;BPI;Multiple;Re-analysis of individual studies;D14S599;;LOD;1.9;;0;0.0;0.0;0.0
chr14;34653814;70220278;;ED;GWL;Primary;12476400;Bulik;2003;;EUR;308;639;520;Yes;BN;DSM-IV;;D14S599;D14S588;LOD;1.97;;0;0.0;0.0;0.0023
chr14;37059525;0;;BIP;GWL;Primary;16652356;Service;2006;;CostaRica;1;82;25;No;BPI;DSM-III-R;Isolate;rs1955739;;LOD;1.6307999999999996;;0;0.0;0.0;0.0
chr14;38328267;0;;SCZ;GWL;Primary;9731535;Blouin;1998;;EUR, Afr-Am;54;363;146;No;SCZ,SA;DSM-IV;;D14S306;;NPL;2.57;;0;0.0;0.0;0.005
chr14;44101907;0;;BIP;GWL;Primary;15208783;Fallin;2004;;Ashkenazi;22;175;52;Yes;BPI;DSM-IV;;D14S288;;NPL;1.538;;0;0.0;0.0;0.0637
chr14;55683179;0;;BIP;GWL;Primary;11741836;Cichon;2001;;German,Israel,Italy;75;445;128;No;BPI;RDC;;D14S276;;LOD_DOM;1.5920000000000003;;0;0.0;0.0;0.0
chr14;61397007;0;;SCZ;GWL;Primary;9674973;Faraone;1998;;EUR;43;146;96;No;SCZ,SA-depr;DSM-III-R;Markers in 9674971;D14S592;;NPL;1.6;;0;0.0;0.0;0.06
chr14;70220278;0;;BIP;GWL;Primary;17455214;Cassidy;2007;;Ireland;32;134;82;No;BPI;DSM-IV;;D14S588;;NPL;3.27677;;0;0.0;0.0;5.98E-4
chr14;70220278;0;;SCZ;GWL;Primary;9674973;Faraone;1998;;EUR;43;146;96;No;SCZ,SA-depr;DSM-III-R;Markers in 9674971;D14S588;;NPL;1.7;;0;0.0;0.0;0.05
chr14;95308404;0;;MDD;GWL;Primary;18519823;Wray;2008;;AUS,NL;2509;8552;0;Yes;N;;EDAC;D14S1434;;LOD;1.7;;0;0.0;0.0;0.0
chr15;0;33737855;;ADHD;GWL;MetaAnal;18988193;Zhou;2008;;Multiple;851;0;2084;Yes;ADHD;DSM-IV;GSMA;15PTER;D15S1007;GSMA;2.74;;0;0.0;0.0;0.04611
chr15;25130852;0;;SCZ;GWL;Primary;12929083;Fallin;2003;;Ashkenazi;29;105;59;Yes;SCZ,SA;DSM-IV;;D15S128;;NPL;2.15;;0;0.0;0.0;0.017
chr15;25130852;0;;SCZ;GWL;Primary;9674972;Kaufmann;1998;;Afr-Am;30;98;79;No;SCZ,SA-depr;DSM-III-R;;D15S128;;NPL;1.96;;0;0.0;0.0;0.027199999999999995
chr15;28074428;0;;BIP;GWL;Primary;9184304;NIMH1;1997;;US;97;540;264;No;BPI,SA-bip;DSM-III-R;NIMH1, 5 papers (9184304 9184308 9184307 9184306 9184305);D15S217;;LOD;2.4;;0;0.0;0.0;0.0
chr15;29892680;0;;SCZ;GWL;Primary;9674972;Kaufmann;1998;;Afr-Am;30;98;79;No;SCZ,SA-depr;DSM-III-R;;ATC3C11;;NPL;1.83;;0;0.0;0.0;0.0358
chr15;38349231;0;;ADHD;GWL;Primary;12679898;Bakker;2003;;Dutch;75;348;199;No;ADHD;DSM-IV;;D15S194;;NPL;3.21;;0;0.0;0.0;0.0
chr15;39007722;0;;SCZ;GWL;Primary;17012687;Faraone;2006;;China;557;2242;1207;Yes;SCZ;DSM-IV;;D15S1012;;NPL;2.07;;0;0.0;0.0;0.02
chr15;46374056;49274861;;BIP;GWL;MetaAnal;16175504;McQueen_a;2005;;Multiple;1067;5179;2251;Yes;BPI;Multiple;Re-analysis of individual studies;D15S659;D15S978;LOD;1.7;;0;0.0;0.0;0.0
chr15;46374056;58761368;;ADHD;GWL;Primary;18081027;Faraone;2008;;US;271;1170;601;Yes;ADHD;DSM-IV;IMAGE, marker data from Faraone;D15S659;D15S1033;LOD;1.81;;0;0.0;0.0;0.002
chr15;66560032;0;;AUT;GWL;Primary;11840513;Shao;2002;;US;52;319;112;No;AUT;ADI-R;;D15S153;;LOD_DOM;1.5;;0;0.0;0.0;0.0
chr15;71515416;0;;AUT;GWL;Primary;17322880;AGPC;2007;;US;1181;1496;0;No;AUT, NQA;ADI-R;Narrow & broad diagnosis, & exlusions of families with CNVs;rs1372828;;ZLR;3.19;;0;0.0;0.0;0.0
chr15;87595124;0;;AUT;GWL;Primary;17322880;AGPC;2007;;US;1181;1496;0;No;AUT, NQA;ADI-R;Narrow & broad diagnosis, & exlusions of families with CNVs;rs1433452;;ZLR;3.47;;0;0.0;0.0;0.0
chr15;92517500;95019768;;MDD;GWL;Primary;17267787;Holmans;2007;;US;656;2176;1748;Yes;reMDD;DSM-IV;;D15S652;D15S816;LOD;3.73;;0;0.0;0.0;0.0
chr15;99592153;0;;BIP;GWL;Primary;16984960;Herzberg;2006;;Columbia;6;91;50;No;BPI;DSM-IV;Isolate;D15S120;;LOD;1.96;;0;0.0;0.0;0.0
chr15;102334913;0;;ND;GWL;Primary;10597426;Duggirala;1999;;Multiple;105;973;644;N;;Mean cigs/day for 1 year;Ascertained via alc dep (COGA);D15S642;;LOD_VC_MP;1.97;;0;0.0;0.0;0.0
chr16;2001725;0;;BIP;GWL;Primary;17455214;Cassidy;2007;;Ireland;32;134;82;No;BPI;DSM-IV;;D16S3395;;NPL;1.9919899999999997;;0;0.0;0.0;0.024227
chr16;10277475;12557629;;AUT;GWL;Primary;11481586;IMGSAC;2001;;EUR,US;127;0;254;No;AUT,AS;ADI-R;Supercedes 9546821;D16S407;D16S3102;LOD;2.61;;0;0.0;0.0;0.0
chr16;12139504;0;;BIP;GWL;Primary;9184304;NIMH1;1997;;US;97;540;264;No;BPI,SA-bip;DSM-III-R;NIMH1, 5 papers (9184304 9184308 9184307 9184306 9184305);D16S748;;LOD;2.6;;0;0.0;0.0;0.0
chr16;12139504;0;;ED;GWL;Primary;11799475;Grice;2002;;EUR;192;425;425;No;AN;DSM-IV;;D16S748;;NPL;1.7;;0;0.0;0.0;0.05
chr16;13742598;0;;AUT;GWL;Primary;11452361;Liu;2001;;US;72;0;0;Yes;AUT;ADI-R;AGRE;D16S2619;;LOD;1.93;;0;0.0;0.0;0.0026
chr16;15860226;0;;ADHD;GWL;Primary;12687500;Ogdie;2003;;US;204;853;438;No;ADHD;DSM-IV;;D16S3060;;LOD;3.73;;0;0.0;0.0;2.0E-5
chr16;20886554;0;;ND;GWL;Primary;15211640;Gelernter;2004;;EUR;12;142;69;Y;;>=1 pack/day >1 year or 0.5 pack/day >=10 years;Ascertained via panic disorder;D16S3046;;NPL_MP;2.63;;0;0.0;0.0;0.004299999999999999
chr16;20886554;0;;SCZ;GWL;Primary;14628288;Williams;2003;;UK, Sweden, US;272;872;482;Yes;SCZ,SA;DSM-IV;Supercedes Williams 1999, additional results from M O'Donovan;D16S3046;;NPL;2.1179;;0;0.0;0.0;0.0
chr16;53670851;0;;BIP;GWL;Primary;15208783;Fallin;2004;;Ashkenazi;22;175;52;Yes;BPI;DSM-IV;;D16S415;;NPL;1.845;;0;0.0;0.0;0.034
chr16;53670851;0;;SCZ;GWL;Primary;11986135;DeLisi_b;2002;;EUR;294;0;627;No;SCZ,SA;DSM-III-R;;D16S415;;LOD;1.54;;0;0.0;0.0;0.0
chr16;53670851;79124166;;ADHD;GWL;MetaAnal;18988193;Zhou;2008;;Multiple;851;0;2084;Yes;ADHD;DSM-IV;GSMA;D16S415;D16S516;GSMA;3.15;;0;0.0;0.0;0.016629999999999995
chr16;55670730;0;;SCZ;GWL;Primary;11986135;DeLisi_b;2002;;EUR;294;0;627;No;SCZ,SA;DSM-III-R;;D16S3112;;LOD;1.69;;0;0.0;0.0;0.0
chr16;56320625;0;;SCZ;GWL;Primary;11986135;DeLisi_b;2002;;EUR;294;0;627;No;SCZ,SA;DSM-III-R;;D16S408;;LOD;1.69;;0;0.0;0.0;0.0
chr16;61933760;0;;SCZ;GWL;Primary;11986135;DeLisi_b;2002;;EUR;294;0;627;No;SCZ,SA;DSM-III-R;;D16S389;;LOD;1.65;;0;0.0;0.0;0.0
chr16;63598961;0;;SCZ;GWL;Primary;11986135;DeLisi_b;2002;;EUR;294;0;627;No;SCZ,SA;DSM-III-R;;D16S503;;LOD;1.71;;0;0.0;0.0;0.0
chr16;66912706;0;;SCZ;GWL;Primary;19223858;Holmans;2009;;EUR;707;3217;1615;Yes;SCZ,SA;DSM-III-R;;rs149156;;LOD;1.51;;0;0.0;0.0;0.0
chr16;79124166;299999999;;ADHD;GWL;MetaAnal;18988193;Zhou;2008;;Multiple;851;0;2084;Yes;ADHD;DSM-IV;GSMA;D16S516;16QTER;GSMA;4.759999999999999;;0;0.0;0.0;3.4E-4
chr16;84296434;86567492;;ADHD;GWL;Primary;18301393;Romanos;2008;;German;8;191;72;No;ADHD;DSM-IV;Densely affected;rs7193075;rs3751797;NPL;3.5699999999999994;;0;0.0;0.0;0.0
chr17;0;11384644;;ADHD;GWL;MetaAnal;18988193;Zhou;2008;;Multiple;851;0;2084;Yes;ADHD;DSM-IV;GSMA;17PTER;D17S1875;GSMA;2.98;;0;0.0;0.0;0.025340000000000005
chr17;623256;0;;ND;GWL;Primary;10597412;Bergen;1999;;Multiple;105;973;644;N;;Ever/never & pack-years;Ascertained via alc dep (COGA);D17S1308;;NPL_SP;1.6;;0;0.0;0.0;0.0067
chr17;623256;58221630;;AUT;GWL;Primary;17403980;Duvall;2007;;US;121;0;0;No;BAP;;Social responsiveness as subphenotype;D17S1308;D17S916;Z;1.56;;0;0.0;0.0;0.0073336737406786145
chr17;6251648;0;;SCZ;GWL;Primary;9674973;Faraone;1998;;EUR;43;146;96;No;SCZ,SA-depr;DSM-III-R;Markers in 9674971;D17S796;;NPL;1.55;;0;0.0;0.0;0.06
chr17;13171130;0;;ADHD;GWL;Primary;15497111;Arcos-Burgos;2004;;Columbia;16;352;126;No;ADHD;DSM-IV;Isolate;D17S799;;NPL;3.0;;0;0.0;0.0;0.0
chr17;14260763;0;;BIP;GWL;Primary;12660806;Liu;2003;;Israel,US;40;373;119;Yes;BPI;RDC;;D17S921;;LOD_DOM;2.68;;0;0.0;0.0;0.0
chr17;16415405;0;;ADHD;GWL;Primary;12687500;Ogdie;2003;;US;204;853;438;No;ADHD;DSM-IV;;D17S1857;;LOD;2.98;;0;0.0;0.0;1.1E-4
chr17;17264533;0;;BIP;GWL;Primary;17455214;Cassidy;2007;;Ireland;32;134;82;No;BPI;DSM-IV;;D17S2196;;NPL;1.5781999999999996;;0;0.0;0.0;0.058613
chr17;17264533;38994464;;MDD;GWL;Primary;18615541;Middeldorp;2008;;AUS,NL;133;0;278;;MDD;DSM-IV;;D17S2196;D17S1299;LOD;2.1;;0;0.0;0.0;0.0
chr17;28382345;0;;AUT;GWL;Primary;11481586;IMGSAC;2001;;EUR,US;127;0;254;No;AUT,AS;ADI-R;Supercedes 9546821;D17S1294;;LOD;1.8700000000000003;;0;0.0;0.0;0.0
chr17;31013992;0;;AUT;GWL;Primary;13680528;Yonan;2003;;US;285;0;716;Yes;AUT,NQA;ADI-R;AGRE;D17S1880;;LOD;2.83;;0;0.0;0.0;2.9E-4
chr17;31013992;56331563;;AUT;GWL;Primary;15877280;Cantor;2005;;US;91;0;191;No;AUT,NQA;ADI-R;AGRE;D17S1880;D17S1290;LOD;1.9;;0;0.0;0.0;0.0
chr17;56331563;72680947;;AUT;GWL;Primary;15824743;Alarcon;2005;;US;291;0;701;No;BAP;ADI-R;Language, repetitive behaviors as subphenotypes;D17S1290;D17S1301;Z;1.75;;0;0.0;0.0;0.004511353383084504
chr17;76234661;0;;BIP;GWL;Primary;11741836;Cichon;2001;;German,Israel,Italy;75;445;128;No;BPI;RDC;;D17S802;;LOD_DOM;1.574;;0;0.0;0.0;0.0
chr17;80252989;0;;MDD;GWL;Primary;15760772;Camp;2005;;US;90;0;426;No;reMDD;DSM-IV;;D17S928;;LOD_DOM;2.22;;0;0.0;0.0;0.0
chr18;646548;0;;SCZ;GWL;Primary;16152571;Faraone;2005;;EUR, Afr-Am;166;772;392;Yes;SCZ,SA-depr;DSM-III-R;;D18S59;;LOD;2.96;;0;0.0;0.0;0.0
chr18;3438691;0;;BIP;GWL;Primary;15208783;Fallin;2004;;Ashkenazi;22;175;52;Yes;BPI;DSM-IV;;D18S63;;NPL;1.7960000000000005;;0;0.0;0.0;0.03801999999999999
chr18;5829617;0;;BIP;GWL;Primary;11840312;Bennett;2002;;UK,Ireland;151;509;288;Yes;BPI;DSM-IV;;D18S452;;LOD;1.54;;0;0.0;0.0;0.0
chr18;8613809;0;;SCZ;GWL;Primary;17044102;Escamilla;2007;;Mexico, Cent. Am.;99;459;217;Yes;SCZ,SA;DSM-IV;;D18S843;;NPL;2.86;;0;0.0;0.0;5.4E-4
chr18;10246760;12597057;;BIP;GWL;Primary;10318931;Detera-Wadleigh;1999;;;22;396;117;No;BPI,BPII,SA-bip;DSM-III-R;;D18S1150;D18S71;LOD;2.32;;0;0.0;0.0;5.4E-4
chr18;26725236;0;;SCZ;GWL;Primary;11751686;Paunio_b;2001;;Finland;53;389;117;Yes;SCZ,SA;DSM-IV;Supercedes Hovatta;D18S877;;LOD;2.3700000000000006;;0;0.0;0.0;0.0
chr18;59862452;0;;BIP;GWL;MetaAnal;16175504;McQueen_a;2005;;Multiple;1067;5179;2251;Yes;BPI;Multiple;Re-analysis of individual studies;D18S60;;LOD;1.5;;0;0.0;0.0;0.0
chr18;63400204;0;;BIP;GWL;Primary;12660801;McInnis;2003;;US;65;562;237;Yes;BPI,BPII,SA-bip;RDC;245 markers in all pedigrees;D18S878;;LOD;2.9;;0;0.0;0.0;0.004
chr18;67436186;0;;MDD;GWL;Primary;18519823;Wray;2008;;AUS,NL;2509;8552;0;Yes;N;;EDAC;D18S61;;LOD;1.5;;0;0.0;0.0;0.0
chr18;70174420;0;;ND;GWL;Primary;10597412;Bergen;1999;;Multiple;105;973;644;N;;Ever/never & pack-years;Ascertained via alc dep (COGA);D18S541;;NPL_SP;1.51;;0;0.0;0.0;0.008399999999999998
chr19;3314462;0;;AUT;GWL;Primary;16880825;Schellenberg;2006;;US;169;966;399;Yes;AUT,NQA;ADI-R;U Washington;D19S209;;NPL;1.9099999999999997;;0;0.0;0.0;0.003
chr19;3314462;0;;SCZ;GWL;Primary;12874606;Wijsman;2003;;Micronesia;9;174;30;No;SCZ,SA;DSM-IV;;D19S209;;LOD_DOM;2.04;;0;0.0;0.0;0.0
chr19;9804968;0;;BIP;GWL;Primary;12660801;McInnis;2003;;US;65;562;237;Yes;BPI,BPII,SA-bip;RDC;245 markers in all pedigrees;D19S586;;LOD;1.78;;0;0.0;0.0;0.04
chr19;9804968;0;;SCZ;GWL;Primary;9674972;Kaufmann;1998;;Afr-Am;30;98;79;No;SCZ,SA-depr;DSM-III-R;;D19S586;;NPL;1.58;;0;0.0;0.0;0.0596
chr19;14633595;0;;BIP;GWL;Primary;15208783;Fallin;2004;;Ashkenazi;22;175;52;Yes;BPI;DSM-IV;;D19S226;;NPL;2.06;;0;0.0;0.0;0.021
chr19;15728270;0;;AUT;GWL;Primary;11452361;Liu;2001;;US;72;0;0;Yes;AUT;ADI-R;AGRE;D19S714;;LOD;2.53;;0;0.0;0.0;6.1E-4
chr19;15728270;0;;BIP;GWL;Primary;15108176;Pato;2004;;Portugal;16;102;47;Yes;BPI,SA-bip;DSM-IV;;D19S714;;NPL;2.3700000000000006;;0;0.0;0.0;0.012
chr19;15728270;0;;SCZ;GWL;Primary;9674973;Faraone;1998;;EUR;43;146;96;No;SCZ,SA-depr;DSM-III-R;Markers in 9674971;D19S714;;NPL;1.94;;0;0.0;0.0;0.03
chr19;30417125;0;;SCZ;GWL;Primary;9674973;Faraone;1998;;EUR;43;146;96;No;SCZ,SA-depr;DSM-III-R;Markers in 9674971;D19S433;;NPL;1.75;;0;0.0;0.0;0.04
chr19;35210106;52594031;;AUT;GWL;Primary;11452361;Liu;2001;;US;72;0;0;Yes;AUT;ADI-R;AGRE;D19S587;D19S601;LOD;1.7;;0;0.0;0.0;0.0045
chr2;43373605;0;;BIP;GWL;Primary;15108176;Pato;2004;;Portugal;16;102;47;Yes;BPI,SA-bip;DSM-IV;;D2S1356;;NPL;2.28;;0;0.0;0.0;0.014000000000000002
chr2;50833774;72123310;;MDD;GWL;Primary;18615541;Middeldorp;2008;;AUS,NL;133;0;278;;MDD;DSM-IV;;ATA27D04;GATA181G08;LOD;1.7;;0;0.0;0.0;0.0
chr2;59511853;0;;SCZ;GWL;Primary;9857978;Coon;1998;;Palau;1;23;9;Yes;SCZ,SA;RDC;;D2S393;;NPL_APM;1.72;;0;0.0;0.0;0.05
chr2;60550693;0;;SCZ;GWL;Primary;9857978;Coon;1998;;Palau;1;23;9;Yes;SCZ,SA;RDC;;D2S357;;NPL_APM;2.34;;0;0.0;0.0;0.03
chr2;68239086;0;;BIP;GWL;Primary;12660806;Liu;2003;;Israel,US;40;373;119;Yes;BPI;RDC;;D2S441;;LOD_REC;1.94;;0;0.0;0.0;0.0
chr2;68239086;0;;SCZ;GWL;Primary;9857978;Coon;1998;;Palau;1;23;9;Yes;SCZ,SA;RDC;;D2S441;;NPL_APM;2.96;;0;0.0;0.0;0.01
chr2;68239086;0;;SCZ;GWL;Primary;9674973;Faraone;1998;;EUR;43;146;96;No;SCZ,SA-depr;DSM-III-R;Markers in 9674971;D2S441;;NPL;1.85;;0;0.0;0.0;0.03
chr2;70518183;0;;SCZ;GWL;Primary;11986135;DeLisi_b;2002;;EUR;294;0;627;No;SCZ,SA;DSM-III-R;;D2S2113;;LOD;2.0;;0;0.0;0.0;0.0
chr2;72307334;0;;BIP;GWL;Primary;12660801;McInnis;2003;;US;65;562;237;Yes;BPI,BPII,SA-bip;RDC;245 markers in all pedigrees;D2S99;;LOD;2.54;;0;0.0;0.0;0.007000000000000002
chr2;75342293;0;;SCZ;GWL;Primary;11986135;DeLisi_b;2002;;EUR;294;0;627;No;SCZ,SA;DSM-III-R;;D2S286;;LOD;2.05;;0;0.0;0.0;0.0
chr2;75830460;0;;SCZ;GWL;Primary;11986135;DeLisi_b;2002;;EUR;294;0;627;No;SCZ,SA;DSM-III-R;;D2S2114;;LOD;2.3599999999999994;;0;0.0;0.0;0.0
chr2;78520514;116241063;;ED;GWL;Primary;11912184;Devlin;2002;;EUR;176;425;425;No;AN;DSM-IV;Re-analysis of 11799475;D2S1777;D2S410;LOD;2.22;;0;0.0;0.0;7.000000000000002E-4
chr2;79763648;0;;SCZ;GWL;Primary;11986135;DeLisi_b;2002;;EUR;294;0;627;No;SCZ,SA;DSM-III-R;;D2S139;;LOD;2.99;;0;0.0;0.0;0.0
chr2;86988137;0;;SCZ;GWL;Primary;11986135;DeLisi_b;2002;;EUR;294;0;627;No;SCZ,SA;DSM-III-R;;D2S417;;LOD;2.93;;0;0.0;0.0;0.0
chr2;88409771;0;;SCZ;GWL;Primary;11986135;DeLisi_b;2002;;EUR;294;0;627;No;SCZ,SA;DSM-III-R;;D2S2216;;LOD;2.48;;0;0.0;0.0;0.0
chr2;102419756;0;;SCZ;GWL;Primary;11986135;DeLisi_b;2002;;EUR;294;0;627;No;SCZ,SA;DSM-III-R;;D2S2264;;LOD;2.17;;0;0.0;0.0;0.0
chr2;102572181;0;;BIP;GWL;Primary;17455214;Cassidy;2007;;Ireland;32;134;82;No;BPI;DSM-IV;;D2S2972;;NPL;2.06958;;0;0.0;0.0;0.02023
chr2;103141072;0;;SCZ;GWL;Primary;11986135;DeLisi_b;2002;;EUR;294;0;627;No;SCZ,SA;DSM-III-R;;D2S373;;LOD;2.31;;0;0.0;0.0;0.0
chr2;103299999;133999999;;SCZ;GWL;MetaAnal;19349958;Ng;2009;;Multiple;3255;0;7413;Yes;SCZ,SA;Multiple;;;;GSMA;3.48;hg18;2;1.0329999999999994E8;1.339999999999999E8;0.00755
chr2;105511525;0;;SCZ;GWL;Primary;7581457;Moises;1995;;Iceland;5;93;37;No;SCZ,SA;DSM-III-R;Reports Stage1+2 results;D2S135;;WRPC;5.16;;0;0.0;0.0;1.0999999999999998E-6
chr2;106328378;0;;SCZ;GWL;Primary;11986135;DeLisi_b;2002;;EUR;294;0;627;No;SCZ,SA;DSM-III-R;;D2S2229;;LOD;2.3599999999999994;;0;0.0;0.0;0.0
chr2;107273893;0;;SCZ;GWL;Primary;9674973;Faraone;1998;;EUR;43;146;96;No;SCZ,SA-depr;DSM-III-R;Markers in 9674971;D2S293;;NPL;2.41;;0;0.0;0.0;0.008
chr2;109854838;0;;SCZ;GWL;Primary;11986135;DeLisi_b;2002;;EUR;294;0;627;No;SCZ,SA;DSM-III-R;;D2S1893;;LOD;2.58;;0;0.0;0.0;0.0
chr2;109854838;0;;SCZ;GWL;Primary;9674973;Faraone;1998;;EUR;43;146;96;No;SCZ,SA-depr;DSM-III-R;Markers in 9674971;D2S1893;;NPL;1.99;;0;0.0;0.0;0.02
chr2;112998584;0;;SCZ;GWL;Primary;11986135;DeLisi_b;2002;;EUR;294;0;627;No;SCZ,SA;DSM-III-R;;D2S160;;LOD;2.73;;0;0.0;0.0;0.0
chr2;116241063;0;;SCZ;GWL;Primary;17012687;Faraone;2006;;China;557;2242;1207;Yes;SCZ;DSM-IV;;D2S410;;NPL;2.31;;0;0.0;0.0;0.01
chr2;133208822;0;;BIP;GWL;Primary;15208783;Fallin;2004;;Ashkenazi;22;175;52;Yes;BPI;DSM-IV;;D2S112;;NPL;1.852;;0;0.0;0.0;0.03359999999999999
chr2;133999999;169900000;;SCZ;GWL;MetaAnal;19349958;Ng;2009;;Multiple;3255;0;7413;Yes;SCZ,SA;Multiple;;;;GSMA;3.0;hg18;2;1.339999999999999E8;1.6990000000000015E8;0.02395
chr2;134325273;0;;SCZ;GWL;Primary;7581457;Moises;1995;;Iceland;5;93;37;No;SCZ,SA;DSM-III-R;Reports Stage1+2 results;D2S114;;WRPC;1.9099999999999997;;0;0.0;0.0;0.003
chr2;135177123;0;;BIP;GWL;Primary;11741836;Cichon;2001;;German,Israel,Italy;75;445;128;No;BPI;RDC;;D2S368;;LOD_REC;1.977;;0;0.0;0.0;0.0
chr2;156283275;0;;SCZ;GWL;Primary;7581457;Moises;1995;;Iceland;5;93;37;No;SCZ,SA;DSM-III-R;Reports Stage1+2 results;D2S142;;WRPC;1.8;;0;0.0;0.0;0.004
chr2;156834606;0;;BIP;GWL;Primary;11741836;Cichon;2001;;German,Israel,Italy;75;445;128;No;BPI;RDC;;D2S141;;LOD_REC;1.961;;0;0.0;0.0;0.0
chr2;169645473;0;;BIP;GWL;Primary;17505464;Zandi;2007;;US;98;428;205;Yes;BPI,BPII,SA-bip;DSM-IV;;D2S1776;;LOD;1.99;;0;0.0;0.0;0.0012
chr2;172566606;183034728;;AUT;GWL;Primary;11353400;Buxbaum;2001;;US;84;383;169;No;AUT, BAP;ADI-R;Delayed phrase speech (>36 months) as subphenotype;D2S335;D2S364;LOD;3.3199999999999994;;0;0.0;0.0;3.800000000000001E-4
chr2;175604731;0;;AUT;GWL;Primary;11481586;IMGSAC;2001;;EUR,US;127;0;254;No;AUT,AS;ADI-R;Supercedes 9546821;D2S2188;;LOD;4.8;;0;0.0;0.0;0.0
chr2;184992593;0;;ED;GWL;Primary;11799475;Grice;2002;;EUR;192;425;425;No;AN;DSM-IV;;D2S1391;;NPL;1.7;;0;0.0;0.0;0.05
chr2;206300000;228299999;;SCZ;GWL;MetaAnal;19349958;Ng;2009;;Multiple;3255;0;7413;Yes;SCZ,SA;Multiple;;;;GSMA;3.4;hg18;2;2.0630000000000015E8;2.2829999999999997E8;0.00916
chr2;211045482;0;;SCZ;GWL;Primary;19223858;Holmans;2009;;EUR;707;3217;1615;Yes;SCZ,SA;DSM-III-R;;rs1396828;;LOD;1.8799999999999997;;0;0.0;0.0;0.0
chr2;217343952;218708432;;ADHD;GWL;Primary;18301393;Romanos;2008;;German;8;191;72;No;ADHD;DSM-IV;Densely affected;rs1110998;rs1364637;NPL;2.32;;0;0.0;0.0;0.0
chr2;218247004;0;;MDD;GWL;Primary;11329392;Nurnberger;2001;;Mixed;262;987;0;No;MDD;DSM-III-R;COGA secondary analysis;D2S1371;;LOD;2.16;;0;0.0;0.0;0.0
chr2;218576641;0;;ND;GWL;Primary;14975170;Goode;2003;;EUR;330;1055;653;;;Maximum cigs/day;Population (Framingham);GATA4G12;;LOD_VC_MP;1.71;;0;0.0;0.0;0.0
chr2;232206438;0;;SCZ;GWL;Primary;11751686;Paunio_b;2001;;Finland;53;389;117;Yes;SCZ,SA;DSM-IV;Supercedes Hovatta;D2S427;;LOD;4.43;;0;0.0;0.0;0.0
chr2;237802148;0;;SCZ;GWL;Primary;12808429;Lerer;2003;;Arab Israeli;59;155;59;Yes;SCZ,SA-depr;DSM-IV;;D2S345;;NPL;2.3799999999999994;;0;0.0;0.0;0.01
chr20;655266;1094120;;BIP;GWL;MetaAnal;16175504;McQueen_a;2005;;Multiple;1067;5179;2251;Yes;BPI;Multiple;Re-analysis of individual studies;D20S117;D20S199;LOD;3.8;;0;0.0;0.0;0.0
chr20;4506357;0;;BIP;GWL;MetaAnal;16175504;McQueen_b;2005;;Multiple;1067;5179;2251;Yes;BPI;Multiple;Mega-analysis of 11 studies, includes NIMH4;D20S482;;LOD;1.9099999999999997;;0;0.0;0.0;0.0
chr20;16019700;33779268;;SCZ;GWL;Primary;16380906;Arinami;2005;;Japanese;236;602;488;Yes;SCZ,SA;DSM-IV;Supercedes JSSLG 2003;rs775133;rs663550;LOD;2.33;;0;0.0;0.0;5.0E-4
chr20;17316113;31825854;;ND;GWL;Primary;17436240;Saccone;2007;;EUR;443;1823;0;Y;;Maximum cigs in 24 hours.;Australian / Finnish;D20S112;D20S195;NPL_MP;2.08;;0;0.0;0.0;0.0
chr20;17409029;0;;SCZ;GWL;Primary;7581457;Moises;1995;;Iceland;5;93;37;No;SCZ,SA;DSM-III-R;Reports Stage1+2 results;D20S47;;WRPC;1.58;;0;0.0;0.0;0.007000000000000002
chr20;30006309;44179299;;AUT;GWL;Primary;18283277;Allen-Brady;2008;;US;1;29;7;Yes;AUT,ASD;DSM-IV;Densely affected pedigree;rs721220;rs988462;NPL;5.56;;0;0.0;0.0;2.899999999999999E-7
chr20;37232131;0;;BIP;GWL;Primary;15108176;Pato;2004;;Portugal;16;102;47;Yes;BPI,SA-bip;DSM-IV;;D20S478;;NPL;2.18;;0;0.0;0.0;0.018
chr20;39613755;0;;SCZ;GWL;Primary;14628288;Williams;2003;;UK, Sweden, US;272;872;482;Yes;SCZ,SA;DSM-IV;Supercedes Williams 1999, additional results from M O'Donovan;D20S99;;NPL;1.54;;0;0.0;0.0;0.0
chr20;43649012;46552132;;ND;GWL;Primary;17436240;Saccone;2007;;EUR;443;1823;0;Y;;Maximum cigs in 24 hours.;Australian / Finnish;D20S119;D20S178;NPL_MP;2.82;;0;0.0;0.0;0.0
chr20;49561757;0;;ND;GWL;Primary;14975170;Goode;2003;;EUR;330;1055;653;;;Maximum cigs/day;Population (Framingham);AFM321XD1;;LOD_VC_MP;1.5;;0;0.0;0.0;0.0
chr20;51857365;0;;BIP;GWL;Primary;12660801;McInnis;2003;;US;65;562;237;Yes;BPI,BPII,SA-bip;RDC;245 markers in all pedigrees;D20S480;;LOD;1.81;;0;0.0;0.0;0.04
chr20;57808090;0;;SCZ;GWL;Primary;11705708;Garver;2001;;EUR, Afr-Am;30;263;66;No;SCZ;DSM-IV;;D20S171;;NPL;2.1;;0;0.0;0.0;0.009
chr20;58878101;0;;BIP;GWL;MetaAnal;16175504;McQueen_a;2005;;Multiple;1067;5179;2251;Yes;BPI;Multiple;Re-analysis of individual studies;D20S173;;LOD;2.5;;0;0.0;0.0;0.0
chr21;18942223;0;;BIP;GWL;Primary;16652356;Service;2006;;CostaRica;1;82;25;No;BPI;DSM-III-R;Isolate;rs12034;;LOD;2.2118;;0;0.0;0.0;0.0
chr21;21646843;0;;BIP;GWL;Primary;17455214;Cassidy;2007;;Ireland;32;134;82;No;BPI;DSM-IV;;D21S1437;;NPL;1.90954;;0;0.0;0.0;0.029272
chr21;25622474;0;;BIP;GWL;Primary;16984960;Herzberg;2006;;Columbia;6;91;50;No;BPI;DSM-IV;Isolate;D21S1914;;LOD;2.28;;0;0.0;0.0;0.0
chr21;25622474;0;;SCZ;GWL;Primary;12929083;Fallin;2003;;Ashkenazi;29;105;59;Yes;SCZ,SA;DSM-IV;;D21S1914;;NPL;2.04;;0;0.0;0.0;0.021
chr22;17493293;0;;SCZ;GWL;Primary;19223858;Holmans;2009;;EUR;707;3217;1615;Yes;SCZ,SA;DSM-III-R;;rs2399153;;LOD;1.55;;0;0.0;0.0;0.0
chr22;17859462;0;;SCZ;GWL;Primary;14628288;Williams;2003;;UK, Sweden, US;272;872;482;Yes;SCZ,SA;DSM-IV;Supercedes Williams 1999, additional results from M O'Donovan;D22S420;;NPL;2.3067999999999995;;0;0.0;0.0;0.0
chr22;23274919;0;;BIP;GWL;Primary;11149935;Kelsoe;2001;;US,Canada;20;164;48;No;BPI,BPII,SA-bip;DSM-III-R;;D22S303;;LOD;1.51;;0;0.0;0.0;0.0
chr22;25943402;0;;BIP;GWL;Primary;11149935;Kelsoe;2001;;US,Canada;20;164;48;No;BPI,BPII,SA-bip;DSM-III-R;;D22S419;;LOD;2.19;;0;0.0;0.0;0.0
chr22;26015959;33209536;;ND;GWL;Primary;17436240;Saccone;2007;;EUR;443;1823;0;Y;;Maximum cigs in 24 hours.;Australian / Finnish;D22S315;D22S280;NPL_MP;5.98;;0;0.0;0.0;0.0
chr22;33209536;0;;SCZ;GWL;Primary;11986135;DeLisi_b;2002;;EUR;294;0;627;No;SCZ,SA;DSM-III-R;;D22S280;;LOD;1.51;;0;0.0;0.0;0.0
chr22;34875785;0;;BIP;GWL;Primary;11149935;Kelsoe;2001;;US,Canada;20;164;48;No;BPI,BPII,SA-bip;DSM-III-R;;D22S691;;LOD;1.61;;0;0.0;0.0;0.0
chr22;35390059;0;;SCZ;GWL;Primary;9731535;Blouin;1998;;EUR, Afr-Am;54;363;146;No;SCZ,SA;DSM-IV;;D22S1265;;NPL;2.42;;0;0.0;0.0;0.009
chr22;36406748;0;;BIP;GWL;Primary;11149935;Kelsoe;2001;;US,Canada;20;164;48;No;BPI,BPII,SA-bip;DSM-III-R;;D22S278;;LOD;3.84;;0;0.0;0.0;0.0
chr22;36406748;0;;SCZ;GWL;Primary;11986135;DeLisi_b;2002;;EUR;294;0;627;No;SCZ,SA;DSM-III-R;;D22S278;;LOD;1.93;;0;0.0;0.0;0.0
chr22;36513924;0;;BIP;GWL;Primary;11149935;Kelsoe;2001;;US,Canada;20;164;48;No;BPI,BPII,SA-bip;DSM-III-R;;D22S683;;LOD;2.3900000000000006;;0;0.0;0.0;0.0
chr22;36513924;0;;ED;GWL;Primary;11799475;Grice;2002;;EUR;192;425;425;No;AN;DSM-IV;;D22S683;;NPL;1.5;;0;0.0;0.0;0.07000000000000002
chr22;36750893;0;;SCZ;GWL;Primary;11986135;DeLisi_b;2002;;EUR;294;0;627;No;SCZ,SA;DSM-III-R;;D22S283;;LOD;2.0;;0;0.0;0.0;0.0
chr22;36750893;40382355;;ND;GWL;Primary;17436240;Saccone;2007;;EUR;443;1823;0;Y;;Maximum cigs in 24 hours.;Australian / Finnish;D22S283;D22S423;NPL_MP;2.05;;0;0.0;0.0;0.0
chr22;37566071;0;;SCZ;GWL;Primary;17012687;Faraone;2006;;China;557;2242;1207;Yes;SCZ;DSM-IV;;D22S445;;NPL;1.8400000000000003;;0;0.0;0.0;0.03
chr22;45269267;0;;BIP;GWL;Primary;15494705;Shink;2005;;Canada;20;394;105;Yes;BPI,BPII,SA-bip;DSM-III-R;Founder pop, response to lithium;D22S274;;LOD;1.6299999999999997;;0;0.0;0.0;0.010999999999999998
chr3;1036324;21949557;;SCZ;GWL;Primary;18449910;Irmansyah;2008;;Indonesia;124;540;267;Yes;SCZ;DSM-III-R;;D3S2387;D3S3038;LOD;3.7599999999999993;;0;0.0;0.0;0.0
chr3;3296637;8585106;;ND;GWL;Primary;15170444;Vink;2004;;NL;0;0;0;;;Smoking initiation, cigs/day;Population (NL Twins);D3S3050;D3S4545;LOD;1.98;;0;0.0;0.0;0.0
chr3;13879115;0;;ND;GWL;Primary;18023296;Sullivan;2007;;Ireland;470;1289;798;Y;;FTND;Ascertained via alc dep (IRETOH);D3S2385;;NPL_MP;1.67;;0;0.0;0.0;0.0
chr3;21927214;0;;ND;GWL;Primary;18023296;Sullivan;2007;;Ireland;470;1289;798;Y;;FTND;Ascertained via alc dep (IRETOH);D3S1293;;NPL_MP;1.55;;0;0.0;0.0;0.0
chr3;21949557;0;;AUT;GWL;Primary;12192642;Auranen;2002;;Finland;12;0;33;No;AUT;DSM-IV;;D3S3038;;LOD;1.6;;0;0.0;0.0;0.0
chr3;34655907;0;;BIP;GWL;Primary;15208783;Fallin;2004;;Ashkenazi;22;175;52;Yes;BPI;DSM-IV;;D3S1277;;NPL;2.457;;0;0.0;0.0;0.0077
chr3;49418145;0;;ND;GWL;Primary;10597412;Bergen;1999;;Multiple;105;973;644;N;;Ever/never & pack-years;Ascertained via alc dep (COGA);D3S2409;;NPL_SP;1.71;;0;0.0;0.0;0.005
chr3;54473277;0;;SCZ;GWL;Primary;12929083;Fallin;2003;;Ashkenazi;29;105;59;Yes;SCZ,SA;DSM-IV;;D3S1236;;NPL;1.6200000000000003;;0;0.0;0.0;0.055
chr3;64492752;0;;BIP;GWL;Primary;11149935;Kelsoe;2001;;US,Canada;20;164;48;No;BPI,BPII,SA-bip;DSM-III-R;;D3S4542;;LOD;2.01;;0;0.0;0.0;0.0
chr3;70373382;0;;ND;GWL;Primary;10597426;Duggirala;1999;;Multiple;105;973;644;N;;Mean cigs/day for 1 year;Ascertained via alc dep (COGA);D3S2454;;LOD_VC_MP;1.71;;0;0.0;0.0;0.0
chr3;71600000;120200000;;SCZ;GWL;MetaAnal;19349958;Ng;2009;;Multiple;3255;0;7413;Yes;SCZ,SA;Multiple;;;;GSMA;2.79;hg18;3;7.160000000000012E7;1.202000000000001E8;0.04047
chr3;73258543;0;;AUT;GWL;Primary;15877280;Cantor;2005;;US;91;0;191;No;AUT,NQA;ADI-R;AGRE;D3S2406;;LOD;1.8;;0;0.0;0.0;0.0
chr3;74075785;0;;SCZ;GWL;Primary;16152571;Faraone;2005;;EUR, Afr-Am;166;772;392;Yes;SCZ,SA-depr;DSM-III-R;;D3S3581;;LOD;1.74;;0;0.0;0.0;0.0
chr3;85256278;0;;SCZ;GWL;Primary;11179014;Gurling;2001;;Iceland, UK;13;182;56;No;SCZ,SA,UFP;DSM-III-R;;D3S1276;;LOD;2.5;;0;0.0;0.0;7.000000000000002E-4
chr3;85852605;0;;SCZ;GWL;Primary;17012687;Faraone;2006;;China;557;2242;1207;Yes;SCZ;DSM-IV;;D3S4529;;NPL;1.6599999999999997;;0;0.0;0.0;0.05
chr3;106990009;0;;SCZ;GWL;Primary;10784452;Brzustowicz;2000;;Canada;22;288;79;Yes;SCZ,SA;DSM-III-R;;D3S3045;;LOD_REC;2.4;;0;0.0;0.0;0.0
chr3;113015956;116791448;;AUT;GWL;Primary;18283277;Allen-Brady;2008;;US;1;29;7;Yes;AUT,ASD;DSM-IV;Densely affected pedigree;rs712530;rs1402623;NPL;5.58;;0;0.0;0.0;2.899999999999999E-7
chr3;117402494;167239824;;AUT;GWL;Primary;15824743;Alarcon;2005;;US;291;0;701;No;BAP;ADI-R;Language, repetitive behaviors as subphenotypes;D3S2460;D3S1763;Z;2.09;;0;0.0;0.0;0.001935206426436631
chr3;120892250;0;;AUT;GWL;Primary;12192642;Auranen;2002;;Finland;12;0;33;No;AUT;DSM-IV;;D3S4009;;LOD;1.6;;0;0.0;0.0;0.0
chr3;139188486;0;;BIP;GWL;Primary;12772088;NIMH3;2003;;US;250;588;737;Yes;BPI,SA-bip;DSM-III-R;NIMH3, 1 paper (12772088), Dick et al;D3S1764;;LOD;2.54;;0;0.0;0.0;0.0
chr3;139606121;0;;AUT;GWL;Primary;12192642;Auranen;2002;;Finland;12;0;33;No;AUT;DSM-IV;;D3S3554;;LOD;1.64;;0;0.0;0.0;0.0
chr3;171450827;187392906;;AUT;GWL;Primary;18283277;Allen-Brady;2008;;US;1;29;7;Yes;AUT,ASD;DSM-IV;Densely affected pedigree;rs1882256;rs1365111;NPL;4.85;;0;0.0;0.0;6.4E-7
chr3;173482837;0;;BIP;GWL;Primary;11741836;Cichon;2001;;German,Israel,Italy;75;445;128;No;BPI;RDC;;D3S1565;;LOD_REC;2.09;;0;0.0;0.0;0.0
chr3;173482837;0;;SCZ;GWL;Primary;11986135;DeLisi_b;2002;;EUR;294;0;627;No;SCZ,SA;DSM-III-R;;D3S1565;;LOD;2.29;;0;0.0;0.0;0.0
chr3;186031866;0;;SCZ;GWL;Primary;11986135;DeLisi_b;2002;;EUR;294;0;627;No;SCZ,SA;DSM-III-R;;D3S1602;;LOD;2.31;;0;0.0;0.0;0.0
chr3;188542964;0;;BIP;GWL;Primary;16984960;Herzberg;2006;;Columbia;6;91;50;No;BPI;DSM-IV;Isolate;D3S1580;;LOD;1.61;;0;0.0;0.0;0.0
chr3;188542964;0;;SCZ;GWL;Primary;11986135;DeLisi_b;2002;;EUR;294;0;627;No;SCZ,SA;DSM-III-R;;D3S1580;;LOD;1.95;;0;0.0;0.0;0.0
chr3;189421146;0;;BIP;GWL;Primary;11149935;Kelsoe;2001;;US,Canada;20;164;48;No;BPI,BPII,SA-bip;DSM-III-R;;D3S2398;;LOD;2.66;;0;0.0;0.0;0.0
chr3;189421146;0;;BIP;GWL;Primary;12660806;Liu;2003;;Israel,US;40;373;119;Yes;BPI;RDC;;D3S2398;;LOD_REC;1.89;;0;0.0;0.0;0.0
chr3;197018137;0;;SCZ;GWL;Primary;11751686;Paunio_b;2001;;Finland;53;389;117;Yes;SCZ,SA;DSM-IV;Supercedes Hovatta;D3S1311;;LOD;2.79;;0;0.0;0.0;0.0
chr4;115992;0;;ADHD;GWL;Primary;12679898;Bakker;2003;;Dutch;75;348;199;No;ADHD;DSM-IV;;D4S3360;;NPL;1.78;;0;0.0;0.0;0.0
chr4;6960046;0;;SCZ;GWL;Primary;12808429;Lerer;2003;;Arab Israeli;59;155;59;Yes;SCZ,SA-depr;DSM-IV;;D4S394;;NPL;2.18;;0;0.0;0.0;0.02
chr4;13750997;0;;ED;GWL;Primary;11799475;Grice;2002;;EUR;192;425;425;No;AN;DSM-IV;;D4S403;;NPL;1.82;;0;0.0;0.0;0.03
chr4;13750997;35704282;;ND;GWL;Primary;17579606;Li;2007;;EUR;200;629;515;Y;;FTND, HSI, SQ;Mid-South Tobacco Family Cohort;D4S403;D4S2632;MP;2.92;;0;0.0;0.0;2.48E-4
chr4;27257923;0;;SCZ;GWL;Primary;11705708;Garver;2001;;EUR, Afr-Am;30;263;66;No;SCZ;DSM-IV;;D4S2397;;NPL;1.56;;0;0.0;0.0;0.03
chr4;40352713;0;;SCZ;GWL;Primary;7581457;Moises;1995;;Iceland;5;93;37;No;SCZ,SA;DSM-III-R;Reports Stage1+2 results;D4S405;;WRPC;2.07;;0;0.0;0.0;0.002
chr4;52799769;0;;SCZ;GWL;Primary;7909992;Coon;1994;;EUR;9;0;35;No;SCZ,SA;RDC;;D4S3255;;APM;2.65;;0;0.0;0.0;0.012
chr4;65491608;77494518;;ND;GWL;Primary;10597426;Duggirala;1999;;Multiple;105;973;644;N;;Mean cigs/day for 1 year;Ascertained via alc dep (COGA);D4S244;D4S2393;LOD_VC_MP;2.17;;0;0.0;0.0;0.0
chr4;68282948;0;;ADHD;GWL;Primary;15497111;Arcos-Burgos;2004;;Columbia;16;352;126;No;ADHD;DSM-IV;Isolate;D4S2367;;NPL;2.7;;0;0.0;0.0;0.0
chr4;68282948;0;;ED;GWL;Primary;11799475;Grice;2002;;EUR;192;425;425;No;AN;DSM-IV;;D4S2367;;NPL;1.8;;0;0.0;0.0;0.03
chr4;68282948;0;;ED;GWL;Primary;11799475;Grice;2002;;EUR;192;425;425;No;AN;DSM-IV;;D4S2367;;NPL;2.44;;0;0.0;0.0;0.008
chr4;80932385;0;;BIP;GWL;Primary;17455214;Cassidy;2007;;Ireland;32;134;82;No;BPI;DSM-IV;;D4S3243;;NPL;1.5498700000000003;;0;0.0;0.0;0.06200799999999999
chr4;82974934;0;;SCZ;GWL;Primary;7581457;Moises;1995;;Iceland;5;93;37;No;SCZ,SA;DSM-III-R;Reports Stage1+2 results;D4S400;;WRPC;2.35;;0;0.0;0.0;0.001
chr4;85005526;0;;SCZ;GWL;Primary;17012687;Faraone;2006;;China;557;2242;1207;Yes;SCZ;DSM-IV;;D4S2361;;NPL;2.0;;0;0.0;0.0;0.02
chr4;85005526;95899984;;AUT;GWL;Primary;13680528;Yonan;2003;;US;285;0;716;Yes;AUT,NQA;ADI-R;AGRE;D4S2361;D4S2909;LOD;1.6;;0;0.0;0.0;0.0058
chr4;86308385;0;;BIP;GWL;Primary;18227837;McAuley;2008;;AUS;35;288;135;Yes;BPI,BPII,SA-bip;RDC;;D4S1534;;LOD;2.0;;0;0.0;0.0;0.0
chr4;92438845;0;;ND;GWL;Primary;16472381;Ehlers;2006;;Native-Am;100;243;0;Y;;Regular & persistent use;Population (Mission Indians);D4S414;;LOD_VC_MP;1.5;;0;0.0;0.0;0.0
chr4;108376683;0;;SCZ;GWL;Primary;9674972;Kaufmann;1998;;Afr-Am;30;98;79;No;SCZ,SA-depr;DSM-III-R;;D4S1564;;NPL;1.54;;0;0.0;0.0;0.0644
chr4;124389539;0;;SCZ;GWL;Primary;9674972;Kaufmann;1998;;Afr-Am;30;98;79;No;SCZ,SA-depr;DSM-III-R;;D4S2395;;NPL;1.68;;0;0.0;0.0;0.0492
chr4;134790543;0;;AUT;GWL;Primary;16880825;Schellenberg;2006;;US;169;966;399;Yes;AUT,NQA;ADI-R;U Washington;D4S1575;;NPL;1.71;;0;0.0;0.0;0.005
chr4;134790543;0;;BIP;GWL;Primary;11741836;Cichon;2001;;German,Israel,Italy;75;445;128;No;BPI;RDC;;D4S1575;;LOD_DOM;1.548;;0;0.0;0.0;0.0
chr4;141751627;0;;SCZ;GWL;Primary;9674972;Kaufmann;1998;;Afr-Am;30;98;79;No;SCZ,SA-depr;DSM-III-R;;D4S1644;;NPL;1.54;;0;0.0;0.0;0.0637
chr4;175688310;0;;MDD;GWL;Primary;12612864;Fullerton;2003;;UK;561;1122;0;Yes;N;;EDAC;D4S1539;;VC;3.15;;0;0.0;0.0;1.4E-4
chr4;178711258;0;;BIP;GWL;Primary;18227837;McAuley;2008;;AUS;35;288;135;Yes;BPI,BPII,SA-bip;RDC;;D4S415;;LOD;2.31;;0;0.0;0.0;0.0
chr4;178711258;0;;SCZ;GWL;Primary;12140777;Straub_a;2002;;Ireland;90;478;193;No;SCZ,SA,SS;DSM-III-R;;D4S415;;LOD_LIA;2.65;;0;0.0;0.0;0.0
chr4;180168612;0;;ND;GWL;Primary;14975171;Li;2003;;EUR;313;1636;1228;;;Mean cigs/day;Population (Framingham);GATA42H02;;NPL_MP;2.1400000000000006;;0;0.0;0.0;0.0016999999999999997
chr4;185151191;190084492;;ND;GWL;Primary;15724146;Wang;2005;;EUR;430;1702;898;Y;;Cigs/day;Population (Framingham);AFM165XC11;GATA5B02;LOD_VC_MP;2.07;;0;0.0;0.0;0.002
chr4;185235924;0;;SCZ;GWL;Primary;12929083;Fallin;2003;;Ashkenazi;29;105;59;Yes;SCZ,SA;DSM-IV;;D4S1535;;NPL;2.3;;0;0.0;0.0;0.010999999999999998
chr4;185264118;189753001;;BIP;GWL;Primary;11992562;NIMH2;2003;;US;56;353;228;No;BPI,SA-bip;DSM-III-R;NIMH2, 4 papers (11992562 12898570 14643094 12707942);D4S3335;D4S2390;LOD;2.49;;0;0.0;0.0;0.0
chr5;127558;0;;AUT;GWL;Primary;11452361;Liu;2001;;US;72;0;0;Yes;AUT;ADI-R;AGRE;D5S2488;;LOD;1.6299999999999997;;0;0.0;0.0;0.0054
chr5;1342193;0;;ADHD;GWL;Primary;16222334;Hebebrand;2006;;German;102;425;229;Yes;ADHD;DSM-IV;;D5S2005;;LOD;2.66;;0;0.0;0.0;0.0
chr5;3424649;0;;ADHD;GWL;Primary;16222334;Hebebrand;2006;;German;102;425;229;Yes;ADHD;DSM-IV;;D5S2849;;LOD;1.96;;0;0.0;0.0;0.0
chr5;4994205;0;;ADHD;GWL;Primary;16222334;Hebebrand;2006;;German;102;425;229;Yes;ADHD;DSM-IV;;D5S406;;LOD;1.77;;0;0.0;0.0;0.0
chr5;9208095;0;;ADHD;GWL;Primary;16222334;Hebebrand;2006;;German;102;425;229;Yes;ADHD;DSM-IV;;D5S807;;LOD;2.23;;0;0.0;0.0;0.0
chr5;14876713;0;;ADHD;GWL;Primary;16222334;Hebebrand;2006;;German;102;425;229;Yes;ADHD;DSM-IV;;D5S1991;;LOD;1.96;;0;0.0;0.0;0.0
chr5;22390783;0;;ADHD;GWL;Primary;16222334;Hebebrand;2006;;German;102;425;229;Yes;ADHD;DSM-IV;;D5S2845;;LOD;2.18;;0;0.0;0.0;0.0
chr5;32492415;0;;ADHD;GWL;Primary;16222334;Hebebrand;2006;;German;102;425;229;Yes;ADHD;DSM-IV;;D5S1470;;LOD;1.8400000000000003;;0;0.0;0.0;0.0
chr5;32492415;0;;SCZ;GWL;Primary;12140777;Straub_a;2002;;Ireland;90;478;193;No;SCZ,SA,SS;DSM-III-R;;D5S1470;;LOD_DOM;2.18;;0;0.0;0.0;0.0
chr5;34799610;0;;ADHD;GWL;Primary;16222334;Hebebrand;2006;;German;102;425;229;Yes;ADHD;DSM-IV;;D5S663;;LOD;1.86;;0;0.0;0.0;0.0
chr5;40015970;0;;ADHD;GWL;Primary;12687500;Ogdie;2003;;US;204;853;438;No;ADHD;DSM-IV;;D5S418;;LOD;1.77;;0;0.0;0.0;0.0021499999999999996
chr5;40015970;0;;SCZ;GWL;Primary;14628288;Williams;2003;;UK, Sweden, US;272;872;482;Yes;SCZ,SA;DSM-IV;Supercedes Williams 1999, additional results from M O'Donovan;D5S418;;NPL;1.6328;;0;0.0;0.0;0.0
chr5;40218331;0;;AUT;GWL;Primary;13680528;Yonan;2003;;US;285;0;716;Yes;AUT,NQA;ADI-R;AGRE;D5S2494;;LOD;2.54;;0;0.0;0.0;5.9E-4
chr5;55721881;88728853;;ADHD;GWL;MetaAnal;18988193;Zhou;2008;;Multiple;851;0;2084;Yes;ADHD;DSM-IV;GSMA;D5S633;D5S2103;GSMA;2.77;;0;0.0;0.0;0.04238
chr5;56349763;0;;BIP;GWL;Primary;16652356;Service;2006;;CostaRica;1;82;25;No;BPI;DSM-III-R;Isolate;rs831791;;LOD;1.5248999999999997;;0;0.0;0.0;0.0
chr5;56358147;0;;BIP;GWL;Primary;16652356;Service;2006;;CostaRica;1;82;25;No;BPI;DSM-III-R;Isolate;rs831818;;LOD;1.5247;;0;0.0;0.0;0.0
chr5;67174319;0;;ADHD;GWL;Primary;18301393;Romanos;2008;;German;8;191;72;No;ADHD;DSM-IV;Densely affected;rs10515057;;NPL;2.96;;0;0.0;0.0;0.0
chr5;78468574;0;;ED;GWL;Primary;11799475;Grice;2002;;EUR;192;425;425;No;AN;DSM-IV;;D5S1501;;NPL;1.6299999999999997;;0;0.0;0.0;0.05
chr5;85410793;0;;ND;GWL;Primary;17081504;Gelernter_b;2007;;EUR;320;856;468;Y;;FTND, DSM-IV;Ascertained via cocaine/opioid dep;D5S428;;NPL_MP;2.31;;0;0.0;0.0;0.0
chr5;98171858;0;;MDD;GWL;Primary;14582139;Zubenko;2003;;US;81;520;270;Yes;reMDD;DSM-IV;Independent, see Holmans p1163;D5S1503;;LOD;3.3199999999999994;;0;0.0;0.0;1.0E-4
chr5;110036442;0;;BIP;GWL;Primary;15108176;Pato;2004;;Portugal;16;102;47;Yes;BPI,SA-bip;DSM-IV;;D5S2501;;NPL;2.1099999999999994;;0;0.0;0.0;0.021
chr5;135301571;169032636;;SCZ;GWL;Primary;14699422;Sklar;2004;;Portugal;29;185;67;Yes;SCZ,SA;DSM-IV;;D5S816;D5S1456;NPL;3.09;;0;0.0;0.0;0.0012
chr5;135701418;0;;SCZ;GWL;Primary;12140777;Straub_a;2002;;Ireland;90;478;193;No;SCZ,SA,SS;DSM-III-R;;D5S393;;LOD_PEN;2.0;;0;0.0;0.0;0.0
chr5;141799999;167699999;;SCZ;GWL;MetaAnal;19349958;Ng;2009;;Multiple;3255;0;7413;Yes;SCZ,SA;Multiple;;;;GSMA;3.6800000000000006;hg18;5;1.4179999999999997E8;1.6769999999999997E8;0.00459
chr5;144143813;0;;ADHD;GWL;Primary;15497111;Arcos-Burgos;2004;;Columbia;16;352;126;No;ADHD;DSM-IV;Isolate;D5S1480;;NPL;1.6;;0;0.0;0.0;0.0
chr5;144143813;0;;SCZ;GWL;Primary;11751686;Paunio_a;2001;;Finland;185;876;394;Yes;SCZ,SA;DSM-IV;Supercedes Ekelund;D5S1480;;LOD;2.05;;0;0.0;0.0;0.0
chr5;156122513;0;;BIP;GWL;Primary;9184304;NIMH1;1997;;US;97;540;264;No;BPI,SA-bip;DSM-III-R;NIMH1, 5 papers (9184304 9184308 9184307 9184306 9184305);D5S820;;LOD;2.46;;0;0.0;0.0;0.0
chr5;156122513;0;;SCZ;GWL;Primary;11751686;Paunio_a;2001;;Finland;185;876;394;Yes;SCZ,SA;DSM-IV;Supercedes Ekelund;D5S820;;LOD;3.16;;0;0.0;0.0;0.0
chr5;166876492;0;;SCZ;GWL;Primary;17044102;Escamilla;2007;;Mexico, Cent. Am.;99;459;217;Yes;SCZ,SA;DSM-IV;;D5S1471;;NPL;2.75;;0;0.0;0.0;8.400000000000001E-4
chr5;167699999;180399999;;SCZ;GWL;MetaAnal;19349958;Ng;2009;;Multiple;3255;0;7413;Yes;SCZ,SA;Multiple;;;;GSMA;2.95;hg18;5;1.6769999999999997E8;1.8039999999999964E8;0.0276
chr5;168443011;0;;ND;GWL;Primary;17549066;Loukola;2007;;Finland;153;505;290;;;FTND;Population (Finn Twins);D5S400;;NPL_MP;2.32;;0;0.0;0.0;0.0
chr5;169032636;0;;SCZ;GWL;Primary;12116183;DeLisi_a;2002;;Spain;95;446;157;No;SCZ,SA;DSM-IV;;D5S1456;;NPL;1.78;;0;0.0;0.0;0.007000000000000002
chr5;179631734;0;;ND;GWL;Primary;10597412;Bergen;1999;;Multiple;105;973;644;N;;Ever/never & pack-years;Ascertained via alc dep (COGA);D5S1354;;NPL_SP;1.71;;0;0.0;0.0;0.005
chr5;179631734;0;;ND;GWL;Primary;10597426;Duggirala;1999;;Multiple;105;973;644;N;;Mean cigs/day for 1 year;Ascertained via alc dep (COGA);D5S1354;;LOD_VC_MP;3.2;;0;0.0;0.0;0.0
chr6;6140571;0;;BIP;GWL;Primary;9184304;NIMH1;1997;;US;97;540;264;No;BPI,SA-bip;DSM-III-R;NIMH1, 5 papers (9184304 9184308 9184307 9184306 9184305);D6S477;;LOD;1.53;;0;0.0;0.0;0.0
chr6;10025835;0;;ND;GWL;Primary;17081504;Gelernter_a;2007;;EUR;314;763;516;Y;;FTND, DSM-IV;Ascertained via cocaine/opioid dep;D6S470;;NPL_MP;2.73;;0;0.0;0.0;0.0
chr6;12780400;0;;BIP;GWL;Primary;17455214;Cassidy;2007;;Ireland;32;134;82;No;BPI;DSM-IV;;D6S1721;;NPL;2.10507;;0;0.0;0.0;0.018547000000000004
chr6;15404652;20009923;;SCZ;GWL;Primary;11126394;Schwab;2000;;EUR;71;438;171;No;SCZ,SA;RDC;;D6S260;D6S1700;LOD;2.15;;0;0.0;0.0;0.0
chr6;36265618;0;;SCZ;GWL;Primary;12140777;Straub_b;2002;;Ireland;90;488;190;No;SCZ,SA,SS;DSM-III-R;;D6S291;;LOD_REC;1.6299999999999997;;0;0.0;0.0;0.0
chr6;39259701;0;;MDD;GWL;Primary;15351774;Nash;2004;;UK;283;711;0;Yes;N;;EDAC;D6S1610;;LOD;2.7;;0;0.0;0.0;0.0
chr6;39259701;0;;SCZ;GWL;Primary;12929083;Fallin;2003;;Ashkenazi;29;105;59;Yes;SCZ,SA;DSM-IV;;D6S1610;;NPL;2.3700000000000006;;0;0.0;0.0;0.009
chr6;43098789;90928701;;ADHD;GWL;MetaAnal;18988193;Zhou;2008;;Multiple;851;0;2084;Yes;ADHD;DSM-IV;GSMA;D6S1582;D6S462;GSMA;2.78;;0;0.0;0.0;0.04136
chr6;50643676;0;;MDD;GWL;Primary;18519823;Wray;2008;;AUS,NL;2509;8552;0;Yes;N;;EDAC;D6S2410;;LOD;2.4;;0;0.0;0.0;0.0
chr6;80351042;0;;ADHD;GWL;Primary;12687500;Ogdie;2003;;US;204;853;438;No;ADHD;DSM-IV;;D6S460;;LOD;1.75;;0;0.0;0.0;0.0022599999999999994
chr6;83943928;0;;BIP;GWL;Primary;16652356;Service;2006;;CostaRica;1;82;25;No;BPI;DSM-III-R;Isolate;rs1180237;;LOD;2.7845;;0;0.0;0.0;0.0
chr6;90928701;132542165;;ADHD;GWL;MetaAnal;18988193;Zhou;2008;;Multiple;851;0;2084;Yes;ADHD;DSM-IV;GSMA;D6S462;D6S472;GSMA;2.73;;0;0.0;0.0;0.04723
chr6;94097632;0;;SCZ;GWL;Primary;9674972;Kaufmann;1998;;Afr-Am;30;98;79;No;SCZ,SA-depr;DSM-III-R;;D6S1056;;NPL;1.56;;0;0.0;0.0;0.0622
chr6;104673903;0;;BIP;GWL;MetaAnal;16175504;McQueen_a;2005;;Multiple;1067;5179;2251;Yes;BPI;Multiple;Re-analysis of individual studies;D6S1021;;LOD;1.8;;0;0.0;0.0;0.0
chr6;104673903;0;;BIP;GWL;Primary;15108176;Pato;2004;;Portugal;16;102;47;Yes;BPI,SA-bip;DSM-IV;;D6S1021;;NPL;2.02;;0;0.0;0.0;0.026
chr6;104673903;112879116;;BIP;GWL;MetaAnal;16175504;McQueen_a;2005;;Multiple;1067;5179;2251;Yes;BPI;Multiple;Re-analysis of individual studies;D6S1021;D6S474;LOD;2.7;;0;0.0;0.0;0.0
chr6;104673903;112879116;;BIP;GWL;MetaAnal;16175504;McQueen_b;2005;;Multiple;1067;5179;2251;Yes;BPI;Multiple;Mega-analysis of 11 studies, includes NIMH4;D6S1021;D6S474;LOD;4.19;;0;0.0;0.0;0.0
chr6;112879116;0;;BIP;GWL;Primary;9184304;NIMH1;1997;;US;97;540;264;No;BPI,SA-bip;DSM-III-R;NIMH1, 5 papers (9184304 9184308 9184307 9184306 9184305);D6S474;;LOD;1.74;;0;0.0;0.0;0.0
chr6;119553771;0;;BIP;GWL;Primary;16984960;Herzberg;2006;;Columbia;6;91;50;No;BPI;DSM-IV;Isolate;D6S287;;LOD;2.01;;0;0.0;0.0;0.0
chr6;127037236;132905187;;ADHD;GWL;Primary;18301393;Romanos;2008;;German;8;191;72;No;ADHD;DSM-IV;Densely affected;rs853966;rs9321354;NPL;1.78;;0;0.0;0.0;0.0
chr6;136315379;0;;SCZ;GWL;Primary;12808429;Lerer;2003;;Arab Israeli;59;155;59;Yes;SCZ,SA-depr;DSM-IV;;D6S292;;NPL;3.92;;0;0.0;0.0;6.0E-5
chr6;137302264;0;;SCZ;GWL;Primary;9674972;Kaufmann;1998;;Afr-Am;30;98;79;No;SCZ,SA-depr;DSM-III-R;;D6S1009;;NPL;1.89;;0;0.0;0.0;0.03160000000000001
chr6;140161885;0;;BIP;GWL;Primary;11741836;Cichon;2001;;German,Israel,Italy;75;445;128;No;BPI;RDC;;D6S1961;;LOD_DOM;1.6289999999999996;;0;0.0;0.0;0.0
chr6;158063014;0;;BIP;GWL;Primary;9184304;NIMH1;1997;;US;97;540;264;No;BPI,SA-bip;DSM-III-R;NIMH1, 5 papers (9184304 9184308 9184307 9184306 9184305);D6S1007;;LOD;1.69;;0;0.0;0.0;0.0
chr6;160276968;0;;BIP;GWL;Primary;15208783;Fallin;2004;;Ashkenazi;22;175;52;Yes;BPI;DSM-IV;;D6S1581;;NPL;1.6060000000000003;;0;0.0;0.0;0.0558
chr6;162110139;166709280;;SCZ;GWL;Primary;11389481;Lindholm;2001;;Sweden;1;210;43;Yes;SCZ,SA,PNOS;DSM-IV;;D6S253;D6S264;LOD;6.6;;0;0.0;0.0;0.0
chr6;166709280;0;;BIP;GWL;Primary;15494705;Shink;2005;;Canada;20;394;105;Yes;BPI,BPII,SA-bip;DSM-III-R;Founder pop, response to lithium;D6S264;;LOD_DOM;1.94;;0;0.0;0.0;0.0
chr6;170552479;0;;ND;GWL;Primary;16671072;Swan;2006;;EUR;158;607;0;Y;;FTND;SMOFAM;D6S446;;LOD_VC_MP;2.7;;0;0.0;0.0;0.0
chr7;3222419;0;;SCZ;GWL;Primary;12808429;Lerer;2003;;Arab Israeli;59;155;59;Yes;SCZ,SA-depr;DSM-IV;;D7S531;;NPL;2.1400000000000006;;0;0.0;0.0;0.02
chr7;19619419;0;;BIP;GWL;Primary;15108176;Pato;2004;;Portugal;16;102;47;Yes;BPI,SA-bip;DSM-IV;;D7S815;;NPL;1.83;;0;0.0;0.0;0.038
chr7;28197877;0;;MDD;GWL;Primary;12612864;Fullerton;2003;;UK;561;1122;0;Yes;N;;EDAC;D7S516;;VC;3.18;;0;0.0;0.0;1.3E-4
chr7;39189880;0;;SCZ;GWL;Primary;12929083;Fallin;2003;;Ashkenazi;29;105;59;Yes;SCZ,SA;DSM-IV;;D7S510;;NPL;2.09;;0;0.0;0.0;0.019
chr7;40263994;78441867;;ADHD;GWL;MetaAnal;18988193;Zhou;2008;;Multiple;851;0;2084;Yes;ADHD;DSM-IV;GSMA;D7S2524;D7S2499;GSMA;3.34;;0;0.0;0.0;0.010630000000000002
chr7;41775748;69769369;;AUT;GWL;Primary;18283277;Allen-Brady;2008;;US;1;29;7;Yes;AUT,ASD;DSM-IV;Densely affected pedigree;rs720816;rs2222544;NPL;3.18;;0;0.0;0.0;7.5E-4
chr7;49388946;0;;ADHD;GWL;Primary;12679898;Bakker;2003;;Dutch;75;348;199;No;ADHD;DSM-IV;;D7S1818;;NPL;3.04;;0;0.0;0.0;0.0
chr7;82796911;0;;SCZ;GWL;Primary;9731535;Blouin;1998;;EUR, Afr-Am;54;363;146;No;SCZ,SA;DSM-IV;;D7S2212;;NPL;2.5;;0;0.0;0.0;0.007000000000000002
chr7;84679418;0;;ND;GWL;Primary;17549066;Loukola;2007;;Finland;153;505;290;;;FTND;Population (Finn Twins);D7S524;;NPL_MP;2.1200000000000006;;0;0.0;0.0;0.0
chr7;88443776;0;;ND;GWL;Primary;17549066;Loukola;2007;;Finland;153;505;290;;;FTND;Population (Finn Twins);D7S630;;NPL_MP;1.71;;0;0.0;0.0;0.0
chr7;90379532;0;;ND;GWL;Primary;17549066;Loukola;2007;;Finland;153;505;290;;;FTND;Population (Finn Twins);D7S2410;;NPL_MP;1.51;;0;0.0;0.0;0.0
chr7;91552894;0;;AUT;GWL;Primary;10581478;Barrett;1999;;Multiple;75;298;152;No;AUT;ADI-R;CLSA;D7S1813;;LOD_REC;2.2;;0;0.0;0.0;0.021999999999999995
chr7;92806346;0;;ND;GWL;Primary;17549066;Loukola;2007;;Finland;153;505;290;;;FTND;Population (Finn Twins);D7S657;;NPL_MP;1.85;;0;0.0;0.0;0.0
chr7;96057648;0;;SCZ;GWL;Primary;9674973;Faraone;1998;;EUR;43;146;96;No;SCZ,SA-depr;DSM-III-R;Markers in 9674971;D7S821;;NPL;1.6599999999999997;;0;0.0;0.0;0.05
chr7;100776796;0;;AUT;GWL;Primary;11481586;IMGSAC;2001;;EUR,US;127;0;254;No;AUT,AS;ADI-R;Supercedes 9546821;D7S477;;LOD;2.33;;0;0.0;0.0;0.0
chr7;104195162;0;;SCZ;GWL;Primary;9674973;Faraone;1998;;EUR;43;146;96;No;SCZ,SA-depr;DSM-III-R;Markers in 9674971;D7S1799;;NPL;1.74;;0;0.0;0.0;0.04
chr7;109978922;138987591;;AUT;GWL;MetaAnal;16189507;Trikalinos;2005;;Multiple;721;0;0;Yes;AUT;Multiple;HEGESMA;D7S2418;D7S2468;HEGESMA;6.24;;0;0.0;0.0;1.0E-5
chr7;115894814;0;;AUT;GWL;Primary;16880825;Schellenberg;2006;;US;169;966;399;Yes;AUT,NQA;ADI-R;U Washington;D7S486;;NPL;1.71;;0;0.0;0.0;0.005
chr7;129202592;0;;AUT;GWL;Primary;16880825;Schellenberg;2006;;US;169;966;399;Yes;AUT,NQA;ADI-R;U Washington;D7S530;;NPL;2.56;;0;0.0;0.0;5.999999999999998E-4
chr7;129202592;0;;BIP;GWL;Primary;15208783;Fallin;2004;;Ashkenazi;22;175;52;Yes;BPI;DSM-IV;;D7S530;;NPL;1.509;;0;0.0;0.0;0.06730000000000001
chr7;132279766;0;;SCZ;GWL;Primary;17012687;Faraone;2006;;China;557;2242;1207;Yes;SCZ;DSM-IV;;D7S1804;;NPL;1.85;;0;0.0;0.0;0.03
chr7;132639829;138543862;;ND;GWL;Primary;17436240;Saccone;2007;;EUR;443;1823;0;Y;;Maximum cigs in 24 hours.;Australian / Finnish;D7S640;D7S684;NPL_MP;2.23;;0;0.0;0.0;0.0
chr7;138987591;299999999;;AUT;GWL;MetaAnal;16189507;Trikalinos;2005;;Multiple;721;0;0;Yes;AUT;Multiple;HEGESMA;D7S2468;7QTER;HEGESMA;3.9;;0;0.0;0.0;0.0027
chr7;140012629;0;;MDD;GWL;Primary;11329392;Nurnberger;2001;;Mixed;262;987;0;No;MDD;DSM-III-R;COGA secondary analysis;D7S1824;;LOD;2.87;;0;0.0;0.0;0.0
chr7;140012629;154568027;;AUT;GWL;Primary;11741194;Alarcon;2002;;US;152;810;340;No;BAP;ADI-R;Language as subphenotype;D7S1824;D7S3058;Z;1.93;;0;0.0;0.0;0.0028824838346801496
chr7;142007161;146548638;;AUT;GWL;Primary;18179894;Arking;2008;;US;72;292;148;No;AUT;ADI-R;;D7S2473;D7S2511;LOD;3.4;;0;0.0;0.0;0.0
chr7;151567224;0;;BIP;GWL;Primary;17455214;Cassidy;2007;;Ireland;32;134;82;No;BPI;DSM-IV;;D7S3070;;NPL;2.11033;;0;0.0;0.0;0.018353
chr7;156114851;0;;ND;GWL;Primary;15211640;Gelernter;2004;;EUR;12;142;69;Y;;>=1 pack/day >1 year or 0.5 pack/day >=10 years;Ascertained via panic disorder;D7S2465;;NPL_MP;2.25;;0;0.0;0.0;0.012200000000000003
chr8;0;13066298;;ADHD;GWL;MetaAnal;18988193;Zhou;2008;;Multiple;851;0;2084;Yes;ADHD;DSM-IV;GSMA;8PTER;D8S1790;GSMA;2.91;;0;0.0;0.0;0.030540000000000008
chr8;164601;6516811;;MDD;GWL;Primary;18615541;Middeldorp;2008;;AUS,NL;133;0;278;;MDD;DSM-IV;;AFM185XB2;D8S277;LOD;1.9;;0;0.0;0.0;0.0
chr8;2130418;0;;ED;GWL;Primary;11799475;Grice;2002;;EUR;192;425;425;No;AN;DSM-IV;;D8S264;;NPL;1.9;;0;0.0;0.0;0.03
chr8;2130418;0;;SCZ;GWL;Primary;9674972;Kaufmann;1998;;Afr-Am;30;98;79;No;SCZ,SA-depr;DSM-III-R;;D8S264;;NPL;1.55;;0;0.0;0.0;0.0629
chr8;6516811;0;;MDD;GWL;Primary;12612864;Fullerton;2003;;UK;561;1122;0;Yes;N;;EDAC;D8S277;;VC;2.29;;0;0.0;0.0;0.0011700000000000002
chr8;6750111;0;;SCZ;GWL;Primary;9674972;Kaufmann;1998;;Afr-Am;30;98;79;No;SCZ,SA-depr;DSM-III-R;;D8S1819;;NPL;2.27;;0;0.0;0.0;0.0133
chr8;12836004;0;;MDD;GWL;Primary;9674977;Cloninger;1998;;Multiple;105;987;0;Yes;HA;;COGA secondary analysis;D8S1106;;VC;3.5;;0;0.0;0.0;6.0E-5
chr8;15238443;0;;SCZ;GWL;Primary;12140777;Straub_b;2002;;Ireland;90;488;190;No;SCZ,SA,SS;DSM-III-R;;D8S1731;;LOD_PEN;1.73;;0;0.0;0.0;0.0
chr8;15700000;32700000;;SCZ;GWL;MetaAnal;19349958;Ng;2009;;Multiple;3255;0;7413;Yes;SCZ,SA;Multiple;;;;GSMA;2.9;hg18;8;1.570000000000071E7;3.270000000000018E7;0.03086
chr8;20367284;0;;BIP;GWL;Primary;11741836;Cichon;2001;;German,Israel,Italy;75;445;128;No;BPI;RDC;;D8S258;;LOD_DOM;1.5009999999999997;;0;0.0;0.0;0.0
chr8;22249511;0;;SCZ;GWL;Primary;9674972;Kaufmann;1998;;Afr-Am;30;98;79;No;SCZ,SA-depr;DSM-III-R;;D8S439;;NPL;2.25;;0;0.0;0.0;0.014000000000000002
chr8;25441291;0;;SCZ;GWL;Primary;9731535;Blouin;1998;;EUR, Afr-Am;54;363;146;No;SCZ,SA;DSM-IV;;D8S1771;;NPL;3.64;;0;0.0;0.0;1.0E-4
chr8;25441291;0;;SCZ;GWL;Primary;16400611;Suarez;2006;;EUR, Afr-Am;409;1380;924;Yes;SCZ,SA;DSM-IV;;D8S1771;;LOD;2.279524876613788;;0;0.0;0.0;0.0
chr8;25952627;0;;BIP;GWL;Primary;11741836;Cichon;2001;;German,Israel,Italy;75;445;128;No;BPI;RDC;;D8S382;;LOD_REC;2.303;;0;0.0;0.0;0.0
chr8;26535586;0;;SCZ;GWL;Primary;19223858;Holmans;2009;;EUR;707;3217;1615;Yes;SCZ,SA;DSM-III-R;;rs1561817;;LOD;2.0;;0;0.0;0.0;0.0
chr8;32067230;0;;MDD;GWL;Primary;14582139;Zubenko;2003;;US;81;520;270;Yes;reMDD;DSM-IV;Independent, see Holmans p1163;D8S1477;;LOD;1.74;;0;0.0;0.0;0.05
chr8;32067230;0;;SCZ;GWL;Primary;16400611;Suarez;2006;;EUR, Afr-Am;409;1380;924;Yes;SCZ,SA;DSM-IV;;D8S1477;;LOD;1.5134294105364516;;0;0.0;0.0;0.0
chr8;33061779;35801463;;ADHD;GWL;Primary;18081027;Faraone;2008;;US;271;1170;601;Yes;ADHD;DSM-IV;IMAGE, marker data from Faraone;D8S259;D8S1121;LOD;1.85;;0;0.0;0.0;0.001
chr8;40788551;0;;SCZ;GWL;Primary;9674972;Kaufmann;1998;;Afr-Am;30;98;79;No;SCZ,SA-depr;DSM-III-R;;D8S532;;NPL;1.8799999999999997;;0;0.0;0.0;0.03259999999999999
chr8;40788551;0;;SCZ;GWL;Primary;12145742;Stefansson;2002;;Iceland;33;0;105;No;SCZ,SA,UFP;RDC;;D8S532;;LOD;3.06;;0;0.0;0.0;0.0
chr8;53181114;0;;ADHD;GWL;Primary;15497111;Arcos-Burgos;2004;;Columbia;16;352;126;No;ADHD;DSM-IV;Isolate;D8S1110;;NPL;1.9;;0;0.0;0.0;0.0
chr8;58321994;0;;SCZ;GWL;Primary;9674972;Kaufmann;1998;;Afr-Am;30;98;79;No;SCZ,SA-depr;DSM-III-R;;D8S374;;NPL;1.51;;0;0.0;0.0;0.0674
chr8;59708367;0;;SCZ;GWL;Primary;12140777;Straub_c;2002;;Ireland;90;459;182;No;SCZ,SA,SS;DSM-III-R;;D8S1113;;LOD_REC;2.71;;0;0.0;0.0;0.0
chr8;61821937;0;;SCZ;GWL;Primary;7581457;Moises;1995;;Iceland;5;93;37;No;SCZ,SA;DSM-III-R;Reports Stage1+2 results;D8S260;;WRPC;1.8;;0;0.0;0.0;0.004
chr8;66068295;0;;BIP;GWL;Primary;17455214;Cassidy;2007;;Ireland;32;134;82;No;BPI;DSM-IV;;D8S1136;;NPL;1.74459;;0;0.0;0.0;0.041765
chr8;66068295;0;;SCZ;GWL;Primary;17012687;Faraone;2006;;China;557;2242;1207;Yes;SCZ;DSM-IV;;D8S1136;;NPL;1.68;;0;0.0;0.0;0.05
chr8;118456269;0;;MDD;GWL;Primary;18519823;Wray;2008;;AUS,NL;2509;8552;0;Yes;N;;EDAC;D8S592;;LOD;1.7;;0;0.0;0.0;0.0
chr8;123742282;0;;BIP;GWL;Primary;11741836;Cichon;2001;;German,Israel,Italy;75;445;128;No;BPI;RDC;;D8S514;;LOD_DOM;3.6190000000000007;;0;0.0;0.0;0.0
chr8;123742282;0;;BIP;GWL;MetaAnal;16175504;McQueen_a;2005;;Multiple;1067;5179;2251;Yes;BPI;Multiple;Re-analysis of individual studies;D8S514;;LOD;2.5;;0;0.0;0.0;0.0
chr8;125447995;0;;AUT;GWL;Primary;13680528;Yonan;2003;;US;285;0;716;Yes;AUT,NQA;ADI-R;AGRE;D8S1832;;LOD;1.6;;0;0.0;0.0;0.0058
chr8;134444435;0;;BIP;GWL;Primary;12660801;McInnis;2003;;US;65;562;237;Yes;BPI,BPII,SA-bip;RDC;245 markers in all pedigrees;D8S256;;LOD;3.13;;0;0.0;0.0;0.003
chr8;134444435;0;;BIP;GWL;Primary;12772088;NIMH3;2003;;US;250;588;737;Yes;BPI,SA-bip;DSM-III-R;NIMH3, 1 paper (12772088), Dick et al;D8S256;;LOD;2.46;;0;0.0;0.0;0.0
chr8;135398318;0;;BIP;GWL;MetaAnal;16175504;McQueen_b;2005;;Multiple;1067;5179;2251;Yes;BPI;Multiple;Mega-analysis of 11 studies, includes NIMH4;D8S1462;;LOD;1.99;;0;0.0;0.0;0.0
chr9;249391;2032845;;AUT;GWL;Primary;18283277;Allen-Brady;2008;;US;1;29;7;Yes;AUT,ASD;DSM-IV;Densely affected pedigree;rs588412;rs1112534;NPL;3.44;;0;0.0;0.0;1.9000000000000004E-4
chr9;3951784;0;;SCZ;GWL;Primary;9674973;Faraone;1998;;EUR;43;146;96;No;SCZ,SA-depr;DSM-III-R;Markers in 9674971;D9S288;;NPL;1.7;;0;0.0;0.0;0.05
chr9;5200556;18289211;;ND;GWL;Primary;17579606;Li;2007;;EUR;200;629;515;Y;;FTND, HSI, SQ;Mid-South Tobacco Family Cohort;D9S2169;D9S925;MP;3.19;;0;0.0;0.0;1.28E-4
chr9;5267043;0;;AUT;GWL;Primary;17322880;AGPC;2007;;US;1181;1496;0;No;AUT, NQA;ADI-R;Narrow & broad diagnosis, & exlusions of families with CNVs;rs1575284;;ZLR;3.5099999999999993;;0;0.0;0.0;0.0
chr9;8053543;0;;BIP;GWL;Primary;15208783;Fallin;2004;;Ashkenazi;22;175;52;Yes;BPI;DSM-IV;;D9S286;;NPL;1.5460000000000005;;0;0.0;0.0;0.0629
chr9;17628405;0;;AUT;GWL;Primary;11481586;IMGSAC;2001;;EUR,US;127;0;254;No;AUT,AS;ADI-R;Supercedes 9546821;D9S157;;LOD;2.02;;0;0.0;0.0;0.0
chr9;24534318;0;;BIP;GWL;MetaAnal;16175504;McQueen_b;2005;;Multiple;1067;5179;2251;Yes;BPI;Multiple;Mega-analysis of 11 studies, includes NIMH4;D9S171;;LOD;2.04;;0;0.0;0.0;0.0
chr9;82968440;0;;ED;GWL;Primary;11799475;Grice;2002;;EUR;192;425;425;No;AN;DSM-IV;;D9S922;;NPL;1.51;;0;0.0;0.0;0.07000000000000002
chr9;86105751;105768292;;ADHD;GWL;MetaAnal;18988193;Zhou;2008;;Multiple;851;0;2084;Yes;ADHD;DSM-IV;GSMA;D9S152;D9S277;GSMA;2.9;;0;0.0;0.0;0.03094000000000001
chr9;88091866;0;;ND;GWL;Primary;14679582;Bierut;2004;;Multiple;105;970;308;N;;>=1 pack/day for >=6 months;Ascertained via alc dep (COGA);D9S1120;;NPL_MP;1.51;;0;0.0;0.0;0.0
chr9;91535852;93117315;;ADHD;GWL;Primary;18301393;Romanos;2008;;German;8;191;72;No;ADHD;DSM-IV;Densely affected;rs9314663;rs1777035;NPL;3.1;;0;0.0;0.0;0.0
chr9;92464469;0;;ND;GWL;Primary;15211640;Gelernter;2004;;EUR;12;142;69;Y;;>=1 pack/day >1 year or 0.5 pack/day >=10 years;Ascertained via panic disorder;D9S283;;NPL_MP;3.04;;0;0.0;0.0;0.0012
chr9;105984297;0;;BIP;GWL;Primary;12660806;Liu;2003;;Israel,US;40;373;119;Yes;BPI;RDC;;D9S938;;LOD_DOM;1.8799999999999997;;0;0.0;0.0;0.0
chr9;111937722;0;;ND;GWL;Primary;15211640;Gelernter;2004;;EUR;12;142;69;Y;;>=1 pack/day >1 year or 0.5 pack/day >=10 years;Ascertained via panic disorder;D9S1677;;NPL_MP;3.01;;0;0.0;0.0;0.0013
chr9;121095916;0;;SCZ;GWL;Primary;9674972;Kaufmann;1998;;Afr-Am;30;98;79;No;SCZ,SA-depr;DSM-III-R;;D9S934;;NPL;1.75;;0;0.0;0.0;0.0422
chr9;124993342;0;;SCZ;GWL;Primary;12929083;Fallin;2003;;Ashkenazi;29;105;59;Yes;SCZ,SA;DSM-IV;;D9S1682;;NPL;1.68;;0;0.0;0.0;0.048
chr9;126808895;0;;AUT;GWL;Primary;10417292;Risch;1999;;US;90;374;187;No;AUT;DSM-IV;;D9S282;;Z;1.54;;0;0.0;0.0;0.007814065149705618
chr9;127888206;0;;ADHD;GWL;Primary;12679898;Bakker;2003;;Dutch;75;348;199;No;ADHD;DSM-IV;;D9S1825;;NPL;2.05;;0;0.0;0.0;0.0
chr9;127888206;0;;ND;GWL;Primary;14975172;Li;2006;;Afr-Am;402;1261;1013;Y;;FTND, HSI, SQ;Mid-South Tobacco Family Cohort;D9S1825;;MP;2.43;;0;0.0;0.0;8.3E-4
chr9;127888206;0;;SCZ;GWL;Primary;9674972;Kaufmann;1998;;Afr-Am;30;98;79;No;SCZ,SA-depr;DSM-III-R;;D9S1825;;NPL;1.9099999999999997;;0;0.0;0.0;0.0306
chr9;128313444;0;;AUT;GWL;Primary;17322880;AGPC;2007;;US;1181;1496;0;No;AUT, NQA;ADI-R;Narrow & broad diagnosis, & exlusions of families with CNVs;rs536861;;ZLR;3.85;;0;0.0;0.0;0.0
chr9;135715769;0;;SCZ;GWL;Primary;9674972;Kaufmann;1998;;Afr-Am;30;98;79;No;SCZ,SA-depr;DSM-III-R;;D9S1830;;NPL;2.17;;0;0.0;0.0;0.0167
chr9;135896580;0;;BIP;GWL;Primary;11992562;NIMH2;2003;;US;56;353;228;No;BPI,SA-bip;DSM-III-R;NIMH2, 4 papers (11992562 12898570 14643094 12707942);D9S915;;LOD;1.6;;0;0.0;0.0;0.0
chr9;135974100;0;;SCZ;GWL;Primary;19223858;Holmans;2009;;EUR;707;3217;1615;Yes;SCZ,SA;DSM-III-R;;rs886017;;LOD;1.69;;0;0.0;0.0;0.0
chr9;136256033;0;;BIP;GWL;Primary;15494705;Shink;2005;;Canada;20;394;105;Yes;BPI,BPII,SA-bip;DSM-III-R;Founder pop, response to lithium;D9S164;;LOD;2.59;;0;0.0;0.0;0.004
chr9;136256033;139099239;;AUT;GWL;Primary;11481586;IMGSAC;2001;;EUR,US;127;0;254;No;AUT,AS;ADI-R;Supercedes 9546821;D9S164;D9S158;LOD;2.23;;0;0.0;0.0;0.0
chr9;137135529;0;;SCZ;GWL;Primary;9674972;Kaufmann;1998;;Afr-Am;30;98;79;No;SCZ,SA-depr;DSM-III-R;;D9S1818;;NPL;2.04;;0;0.0;0.0;0.0229
chr9;139099239;0;;AUT;GWL;Primary;12192642;Auranen;2002;;Finland;12;0;33;No;AUT;DSM-IV;;D9S158;;LOD;1.6200000000000003;;0;0.0;0.0;0.0
chrX;5409926;0;;SCZ;GWL;Primary;12874606;Wijsman;2003;;Micronesia;9;174;30;No;SCZ,SA;DSM-IV;;DXS1060;;LOD_DOM;1.69;;0;0.0;0.0;0.0
chrX;41147827;0;;ND;GWL;Primary;15211640;Gelernter;2004;;EUR;12;142;69;Y;;>=1 pack/day >1 year or 0.5 pack/day >=10 years;Ascertained via panic disorder;DXS993;;NPL_MP;2.78;;0;0.0;0.0;0.0027
chrX;45013548;0;;BIP;GWL;Primary;11992562;NIMH2;2003;;US;56;353;228;No;BPI,SA-bip;DSM-III-R;NIMH2, 4 papers (11992562 12898570 14643094 12707942);GATA144D04;;LOD;2.19;;0;0.0;0.0;0.0
chrX;95449399;0;;AUT;GWL;Primary;11840513;Shao;2002;;US;52;319;112;No;AUT;ADI-R;;DXS6789;;LOD;1.81;;0;0.0;0.0;0.0
chrX;113175043;0;;BIP;GWL;Primary;16380920;Schumacher;2005;;EUR;52;448;130;No;BPI;DSM-IV;Sims for fine-mapping;GATA172D05;;NPL;1.99;;0;0.0;0.0;0.0
chrX;129075441;0;;AUT;GWL;Primary;11452361;Liu;2001;;US;72;0;0;Yes;AUT;ADI-R;AGRE;DXS1047;;LOD;2.67;;0;0.0;0.0;0.0018
chrX;133609304;0;;SCZ;GWL;Primary;12140777;Straub_b;2002;;Ireland;90;488;190;No;SCZ,SA,SS;DSM-III-R;;HPRT;;LOD_PEN;2.18;;0;0.0;0.0;0.0
